1,"[0.04292913,0.80049640,0.18192358,0.23908350,0.79224973,0.30115561,0.27554406,0.24823999,0.84226780,0.69265460,0.74832196,0.78658868,0.13081424,0.05588695,0.77476956,0.99078601,0.59413819,0.37001571,0.85799858,0.28849335,0.60000130,0.99787893,0.50307373,0.73642636,0.10794380,0.00443322,0.32680411,0.86903068,0.77901775,0.92997663,0.84249790,0.68201599,0.89247611,0.59544661,0.56535030,0.38595698,0.48379727,0.48964557,0.23390928,0.28881174,0.46421165,0.33299529,0.04347290,0.74512700,0.38407087,0.91461583,0.75663781,0.64649340,0.15001230,0.46349126,0.33153245,0.73789867,0.28824755,0.04559143,0.56888978,0.68620257,0.84628959,0.51273972,0.86555377,0.36685311,0.21598868,0.52008365,0.29426338,0.33719151,0.13768691,0.31960948,0.55869199,0.35094072,0.65209533,0.92763839,0.17587738,0.01814418,0.71079778,0.45911874,0.24570642,0.37651966,0.43240561,0.20717418,0.19795919,0.79209638,0.16211109,0.02010867,0.30860102,0.90860132,0.90647925,0.40955199,0.14597735,0.25392014,0.25835236,0.58515548,0.45418516,0.23320191,0.16317753,0.00567443,0.68768942,0.58016453,0.17561014,0.74095944,0.12691542,0.61071170,0.10035627,0.33426456,0.62307530,0.08728595,0.42028023,0.46375213,0.20887813,0.59294800,0.50756283,0.26419963,0.91069204,0.06070334,0.52419359,0.85572505,0.59362271,0.88186926,0.92745969,0.49634847,0.18255004,0.02883863,0.54157735,0.40713012,0.77398223,0.98996991,0.51005256,0.80431494,0.14150545,0.27919135]"
2,"[0.59879984,0.15749083,0.50843055,0.16052487,0.08816226,0.26403863,0.28218181,0.99297859,0.45209633,0.69780174,0.07432041,0.50672502,0.71389820,0.91185639,0.70395177,0.86606185,0.88616952,0.19476954,0.10336986,0.00984811,0.41939910,0.56537544,0.81929459,0.07764595,0.66280043,0.11698459,0.35018549,0.51336203,0.51903545,0.20672387,0.78688741,0.96249655,0.70345499,0.83036941,0.44108011,0.54143539,0.87569894,0.49877324,0.58605819,0.00633742,0.47008855,0.67896567,0.27191267,0.77947450,0.04367313,0.95436417,0.01506651,0.53925910,0.39498315,0.98860486,0.87047312,0.79793181,0.29427927,0.47682831,0.50566594,0.04724229,0.45437141,0.22835263,0.21832154,0.72837311,0.53268705,0.67419149,0.95338185,0.55218069,0.70967051,0.21810006,0.37862393,0.46678519,0.73082282,0.01300364,0.00598123,0.45807656,0.15587730,0.23019671,0.73692073,0.45081792,0.36267331,0.06662408,0.93268493,0.81885345,0.01362199,0.11699085,0.12683796,0.54623606,0.11161050,0.93090409,0.00854904,0.67134847,0.78833205,0.13851654,0.65187757,0.17091202,0.37763490,0.16452130,0.12701685,0.83047084,0.66083925,0.10191837,0.64335275,0.51905069,0.01782293,0.60388012,0.61021653,0.08030408,0.75926876,0.03118043,0.81065393,0.85432606,0.80868923,0.82375474,0.36301284,0.75799499,0.74659885,0.61707097,0.41500177,0.70928004,0.18610735,0.69177229,0.73901358,0.19338399,0.42173562,0.64005616,0.36842827,0.90111432,0.57530481,0.52868566,0.08086535,0.79053486]"
3,"[0.00863391,0.38725684,0.85404103,0.58486285,0.59786549,0.60384572,0.06192128,0.21779758,0.44799329,0.18491302,0.63572994,0.99840225,0.06502533,0.99770926,0.81656171,0.83018269,0.94717254,0.07400950,0.62024456,0.73185406,0.66275715,0.67130519,0.34265266,0.13098371,0.26949925,0.92137582,0.09228685,0.46992074,0.63444105,0.76145690,0.59192674,0.25276499,0.35468236,0.99803411,0.51708380,0.53490573,0.13878484,0.74900038,0.82930346,0.58857122,0.61975065,0.43040358,0.28472864,0.09341687,0.91717060,0.28018244,0.03817643,0.78477427,0.40184424,0.81684501,0.52612405,0.71223040,0.40400169,0.14301427,0.33639726,0.75813189,0.39818705,0.76661432,0.66772764,0.24303146,0.77171612,0.85258046,0.64311432,0.65174723,0.03900308,0.89304311,0.47790496,0.07576945,0.67961417,0.74153445,0.95933103,0.40732332,0.59223534,0.22796428,0.22636553,0.29138986,0.28909812,0.10565883,0.93584053,0.88301207,0.95702057,0.57726413,0.30911720,0.97187335,0.64317754,0.98582920,0.11681190,0.38631016,0.30768498,0.39997083,0.86989057,0.50433062,0.26578652,0.85771225,0.11047624,0.46515760,0.46319071,0.98027350,0.51517823,0.65396208,0.40296146,0.23226392,0.82083414,0.44058378,0.87098636,0.15571400,0.24912986,0.16629946,0.44648090,0.48465633,0.26942960,0.67127284,0.48811684,0.01423989,0.72646929,0.13046999,0.27348326,0.60987953,0.36801041,0.76619646,0.53280978,0.20053642,0.44356688,0.21528200,0.06786146,0.71097478,0.36272101,0.40172309]"
4,"[0.29476519,0.77266916,0.84843761,0.52805078,0.26958423,0.22891426,0.63623658,0.22847092,0.45643420,0.68279873,0.97418760,0.26328472,0.36894255,0.30478208,0.18779315,0.14481272,0.72207585,0.03119205,0.00306440,0.64624093,0.63206913,0.74888004,0.13518919,0.44287317,0.84284300,0.71273257,0.21706219,0.48284771,0.34055896,0.45103420,0.91619080,0.37938051,0.35965301,0.87483025,0.52879132,0.93175178,0.16401470,0.98484783,0.42543062,0.29641598,0.45212897,0.70125783,0.86755630,0.31403620,0.79869153,0.06812013,0.73939197,0.22750781,0.24174670,0.96821499,0.09868398,0.37216625,0.98204477,0.35005419,0.11624965,0.64905843,0.84959386,0.29315973,0.50844073,0.57630119,0.28727497,0.64999498,0.05171707,0.34648126,0.11914942,0.96758602,0.49563580,0.76521903,0.99413229,0.63036787,0.85883779,0.31527099,0.99806872,0.97225531,0.23553903,0.60448059,0.90926167,0.09705382,0.24186554,0.96394040,0.99513145,0.99819484,0.64443478,0.27650291,0.02538194,0.16057014,0.60344231,0.44628431,0.15901588,0.37607707,0.85892377,0.19948173,0.65051494,0.56670474,0.94608425,0.30573626,0.18056551,0.70935583,0.64110661,0.80512031,0.78996714,0.21539676,0.51181173,0.96393970,0.66519653,0.53275183,0.84678703,0.64547757,0.71359670,0.45298766,0.68049447,0.92224017,0.89045417,0.98913715,0.36130240,0.34334617,0.69339936,0.80964800,0.45870544,0.30829829,0.60145703,0.10989676,0.68619694,0.97347091,0.62346489,0.67518096,0.02166122,0.14080963]"
5,"[0.10839465,0.60402945,0.36924748,0.36337877,0.99374564,0.85258243,0.16785241,0.16592013,0.13817444,0.37371248,0.97819206,0.88745273,0.98450555,0.22637009,0.19030948,0.18543993,0.18363377,0.82806755,0.10456945,0.12995040,0.29051953,0.89396084,0.34024415,0.49925903,0.87533510,0.73425787,0.93373860,0.58425254,0.15095628,0.09703953,0.40277479,0.58333929,0.29269412,0.93379973,0.73891903,0.52888517,0.74428093,0.25609166,0.22003036,0.88522590,0.41797673,0.26476276,0.91023933,0.62383502,0.07682169,0.75731516,0.67955433,0.57000750,0.55914365,0.92044505,0.26379022,0.95718858,0.76683558,0.22554002,0.53383731,0.13529334,0.24518909,0.93138504,0.90485495,0.52831884,0.20349879,0.22515901,0.36596764,0.47436130,0.07838975,0.44763623,0.81101400,0.80475864,0.65734007,0.82519148,0.99111061,0.12928405,0.50299552,0.48118659,0.36863831,0.35314286,0.57951195,0.76982043,0.95525936,0.13889213,0.96695867,0.07152713,0.20147652,0.49199506,0.38595490,0.72619804,0.22545607,0.10079017,0.83504704,0.76878464,0.35303618,0.50399146,0.60102998,0.00380377,0.58714206,0.87983518,0.81363391,0.55255194,0.08143611,0.82571604,0.08180670,0.30183606,0.18706096,0.60503669,0.86979845,0.78003678,0.40387080,0.48069149,0.23800565,0.91755899,0.48756549,0.04670814,0.96715219,0.23094141,0.18812899,0.95496357,0.18050259,0.71433890,0.84963123,0.09481932,0.02620336,0.93105731,0.45937515,0.66287294,0.88803095,0.25399760,0.72835790,0.80674665]"
6,"[0.25438188,0.06539488,0.87015252,0.52749159,0.35268207,0.34379167,0.47307472,0.97606925,0.45725483,0.82589214,0.17903400,0.75854495,0.52836438,0.48362273,0.62251386,0.58947153,0.66099765,0.86247318,0.35446723,0.74042113,0.46661817,0.69207324,0.79286241,0.62790845,0.39669209,0.74972727,0.25371773,0.85474671,0.85854948,0.44569054,0.32552472,0.13915763,0.69170856,0.77314368,0.59885871,0.68066441,0.98249947,0.16955943,0.77459512,0.64439257,0.42442834,0.82829815,0.30898864,0.54699329,0.46455127,0.95211576,0.99882290,0.96597408,0.19691449,0.38504248,0.34000505,0.52050664,0.23484454,0.08447477,0.17929310,0.20549546,0.13655177,0.59592591,0.25879785,0.14682780,0.40082440,0.12918129,0.93592694,0.19030782,0.25570171,0.12585323,0.65334382,0.00602489,0.34981556,0.82288928,0.79895753,0.25621136,0.08210250,0.26113551,0.01967945,0.54804283,0.03166456,0.65417742,0.24364794,0.90464460,0.76711678,0.12158301,0.86200314,0.32862031,0.02069256,0.81355397,0.44146141,0.83815250,0.58787877,0.84159550,0.69634122,0.55488970,0.00057924,0.32610296,0.46525959,0.15696715,0.93010983,0.52896754,0.20963095,0.19212943,0.36168786,0.13628198,0.78067355,0.20510089,0.03339804,0.34238567,0.88937796,0.35392823,0.30604299,0.30486488,0.27083797,0.46775146,0.85279294,0.19279699,0.71330263,0.94814617,0.03261994,0.21191204,0.41740650,0.55395726,0.14988217,0.40867902,0.55550582,0.95632922,0.08550951,0.02143545,0.21174228,0.46744298]"
7,"[0.59329521,0.24663803,0.25266192,0.60247648,0.42536476,0.22432129,0.48053164,0.56263315,0.82376765,0.84344611,0.39148794,0.42315150,0.07732791,0.32097486,0.22561846,0.99273423,0.11431624,0.97631838,0.30493769,0.32562925,0.13918222,0.58064263,0.41879414,0.00667191,0.84826641,0.54460663,0.09949533,0.10007357,0.42617553,0.89143412,0.04840027,0.97850910,0.50747564,0.71710559,0.90923402,0.27092088,0.40720186,0.18787441,0.39297430,0.42637134,0.76875601,0.65813297,0.01206020,0.31810218,0.62296607,0.89380304,0.36155350,0.21434544,0.40714143,0.12044305,0.06858822,0.10120716,0.31311820,0.73052370,0.28447996,0.43436113,0.84303916,0.39854398,0.35487220,0.44038071,0.46181517,0.67355644,0.14099843,0.73429264,0.98092968,0.23359060,0.83606608,0.26142984,0.48575012,0.96628077,0.52891292,0.35267957,0.19612467,0.58761161,0.01076211,0.08808902,0.40906287,0.63468033,0.62741356,0.74172881,0.71804619,0.02298288,0.34861113,0.48779235,0.06843398,0.48722711,0.49389802,0.34216343,0.88676906,0.98626339,0.08633596,0.51251049,0.40394360,0.45234288,0.43085097,0.93832561,0.65543021,0.56466323,0.83558311,0.24278398,0.43065738,0.82363068,0.25000102,0.01875602,0.67688799,0.68894719,0.00704837,0.63001344,0.52381548,0.88536797,0.09971241,0.50685283,0.62729489,0.69588211,0.79708828,0.11020548,0.84072818,0.12520714,0.55956727,0.40260543,0.80114841,0.15601961,0.59639932,0.05821349,0.73176893,0.87276636,0.60705800,0.58798667]"
8,"[0.82157627,0.65764135,0.91907018,0.40481931,0.37109908,0.90001099,0.25268956,0.44881323,0.03642384,0.04718495,0.13527297,0.54433484,0.17901417,0.80642673,0.54815454,0.26619973,0.28918161,0.63779174,0.12558308,0.19401606,0.68124217,0.17513919,0.51730162,0.40406968,0.39033207,0.47666703,0.98917651,0.39311912,0.84546099,0.27631097,0.21463558,0.87006479,0.43472701,0.27030913,0.51309210,0.94374849,0.76737817,0.01737819,0.03613321,0.71302020,0.40196639,0.40901376,0.03902620,0.56284067,0.44820765,0.54791906,0.05477089,0.68206478,0.37794589,0.17503317,0.28523765,0.12596483,0.25117097,0.81073724,0.21334167,0.01448908,0.17050769,0.76690601,0.82511850,0.55688643,0.42965179,0.03670879,0.62469446,0.44626973,0.10391008,0.02297926,0.42779757,0.79889564,0.69890563,0.95159419,0.40040643,0.43682927,0.48401322,0.61928519,0.16361903,0.34263220,0.14905794,0.69721148,0.96341020,0.25259081,0.89038155,0.01596363,0.20997869,0.89121986,0.06635805,0.58365867,0.98772736,0.37805843,0.85472445,0.84389997,0.23701808,0.08247807,0.35878804,0.57342262,0.44348640,0.87821242,0.14852054,0.66161165,0.60535913,0.37273630,0.39011349,0.42624570,0.13926490,0.54123029,0.95024305,0.98926825,0.55210792,0.00031457,0.54823262,0.60300251,0.28506629,0.66301119,0.83804336,0.12328000,0.24924383,0.50041380,0.31115004,0.52449072,0.53897880,0.70948549,0.47639050,0.30150800,0.85839343,0.28804422,0.32475201,0.94944548,0.39571421,0.49962328]"
9,"[0.52260154,0.95039811,0.74929275,0.44819739,0.39979058,0.80019601,0.23702428,0.72103650,0.34032069,0.50393872,0.84656992,0.99562686,0.69283734,0.65624654,0.90883635,0.79921690,0.81517953,0.02515723,0.91637609,0.98273314,0.56639082,0.55411717,0.93217460,0.78689805,0.63079702,0.86781410,0.95029118,0.30907822,0.88249983,0.32598524,0.20419665,0.35271620,0.01432685,0.61968498,0.99242028,0.38253278,0.80877748,0.94804138,0.48927067,0.43951272,0.42877997,0.98088689,0.98120045,0.52943208,0.13243359,0.41749888,0.08050907,0.91855142,0.04183042,0.29107326,0.79148606,0.10263510,0.62712482,0.16610261,0.87558710,0.35197660,0.65348359,0.51187603,0.79991925,0.12467027,0.07411474,0.46982795,0.96945023,0.49205077,0.44244788,0.19173963,0.63993601,0.03972559,0.83992060,0.07694388,0.79797938,0.13829907,0.64223679,0.48880571,0.48443157,0.17726791,0.83351345,0.74234880,0.54156470,0.35674324,0.38189947,0.29827456,0.28100670,0.84739651,0.40151269,0.33368629,0.12058334,0.75137936,0.61919246,0.56948264,0.87855985,0.76105869,0.08704292,0.29123858,0.64395378,0.65827962,0.27796360,0.27038289,0.65291466,0.46169114,0.40973152,0.89900120,0.33851292,0.76729189,0.74817778,0.72937723,0.25880831,0.39124089,0.80873878,0.88924684,0.80779726,0.84962669,0.14069894,0.93218400,0.03481810,0.66194192,0.82804353,0.70362963,0.05560522,0.70908782,0.22096285,0.02088110,0.14555036,0.21966410,0.68949105,0.65894028,0.15099005,0.59343692]"
10,"[0.78517555,0.42511056,0.46483516,0.30475476,0.38169764,0.17967602,0.31797409,0.96020988,0.44901459,0.93344517,0.11071208,0.94422453,0.68657233,0.22813604,0.58487828,0.96677674,0.26505030,0.54605599,0.39345151,0.79496319,0.12864848,0.24923082,0.00060918,0.61980064,0.18928228,0.06784113,0.82889881,0.91594074,0.20717831,0.85113109,0.50940971,0.78737231,0.05775420,0.71066786,0.17235800,0.58208853,0.48108872,0.81960064,0.58689153,0.33506830,0.06444453,0.32325184,0.71449173,0.52322951,0.41247535,0.22027161,0.06989730,0.21059524,0.14277824,0.17759534,0.83953626,0.66757879,0.37120742,0.42681164,0.13589846,0.35686031,0.37774041,0.52328977,0.74295287,0.43244292,0.09138220,0.24237125,0.83580717,0.62098172,0.04609128,0.51092544,0.81567920,0.19737583,0.37705085,0.69502393,0.65523281,0.10424640,0.03769057,0.14840164,0.09262517,0.77919651,0.00733154,0.59220882,0.55898456,0.82403386,0.37008885,0.76353936,0.55850155,0.68714903,0.93637885,0.93698703,0.55678667,0.74606794,0.81390807,0.64280589,0.55874562,0.76592293,0.61705302,0.12646173,0.91383304,0.97158624,0.68225311,0.85461011,0.43669763,0.91778536,0.73738500,0.32427552,0.65934283,0.72378636,0.04703720,0.76152793,0.28475643,0.69723078,0.91750139,0.98739769,0.19799193,0.34076917,0.51836351,0.35789877,0.02547656,0.39668299,0.82349363,0.95939109,0.31625040,0.69398981,0.21727858,0.96023045,0.39267238,0.48405358,0.72642382,0.56222999,0.18321072,0.22930100]"
11,"[0.74022544,0.55590364,0.75327847,0.13032832,0.82535125,0.48058306,0.58482847,0.62251803,0.77091868,0.86354285,0.64273836,0.65006890,0.24227672,0.80126028,0.62529314,0.99538100,0.75891936,0.31741991,0.00456794,0.94094579,0.87793182,0.43471749,0.18078443,0.99469151,0.63749639,0.19624101,0.96216295,0.57921497,0.70567570,0.61950775,0.59109299,0.27334510,0.12795420,0.56465084,0.48243519,0.21981919,0.54409371,0.20343554,0.92722090,0.97425709,0.73578402,0.02053945,0.71776923,0.63526962,0.62266631,0.82065724,0.16142541,0.67978792,0.03768569,0.06316126,0.45984324,0.28333587,0.24272596,0.55897537,0.25296417,0.47024175,0.43047120,0.82314258,0.30719515,0.03361798,0.59584697,0.77905669,0.00835669,0.74858113,0.30448377,0.05776123,0.18808855,0.01343880,0.49402087,0.07884833,0.70136536,0.47228304,0.33582489,0.97856225,0.62863015,0.87090587,0.67216515,0.29745729,0.29283728,0.05175564,0.36917455,0.37374149,0.31468628,0.19261710,0.62733359,0.80811702,0.80280752,0.44030292,0.63654293,0.59870488,0.17791885,0.88359355,0.50310030,0.09419229,0.36753638,0.49548959,0.06013942,0.54257361,0.76239180,0.30648451,0.50991905,0.43713894,0.41139503,0.14717805,0.16771650,0.88548473,0.52075336,0.14341867,0.96407491,0.12549932,0.80528623,0.84297093,0.90613118,0.36597343,0.64930830,0.89203326,0.45100763,0.70397080,0.17421155,0.60468176,0.42782333,0.73501749,0.76863446,0.36448044,0.14353612,0.15189181,0.90047194,0.20495470]"
12,"[0.26271494,0.45080249,0.46424029,0.95826016,0.03710749,0.73847186,0.21075390,0.54657779,0.52513904,0.15376818,0.02467305,0.69683719,0.99429348,0.28712976,0.33888440,0.70805794,0.08179843,0.39648370,0.58909980,0.21643239,0.02454841,0.82735493,0.26765684,0.90419877,0.50290265,0.68082050,0.56441305,0.06751235,0.16170363,0.52923902,0.02472760,0.08486603,0.62743864,0.38982944,0.69631295,0.20623100,0.64336894,0.05476297,0.20194002,0.36965552,0.25513925,0.77589161,0.91930928,0.88338319,0.00888151,0.81416674,0.65713667,0.56326685,0.92923928,0.57854657,0.47057884,0.92158547,0.62555527,0.79976582,0.40444657,0.83226891,0.56728539,0.33591886,0.70039829,0.84393342,0.99582423,0.89629516,0.10124887,0.36396280,0.81476429,0.27900358,0.23726274,0.27436924,0.01284009,0.22359299,0.77016978,0.29530781,0.44907500,0.47374704,0.17058323,0.16487571,0.45200448,0.79088787,0.49894482,0.58074225,0.97722495,0.56632375,0.78275514,0.80730254,0.63465647,0.90231232,0.80651009,0.30941174,0.99023124,0.55464329,0.62215463,0.78385726,0.31309528,0.33782189,0.42268691,0.05012455,0.43995299,0.13626494,0.34249493,0.98586287,0.04062484,0.24256386,0.61221838,0.86735663,0.64324725,0.56255553,0.44593772,0.45481822,0.26898396,0.92611963,0.48938548,0.41862376,0.99716933,0.46774717,0.38933163,0.01488590,0.81465072,0.21909629,0.05136420,0.61864859,0.95456645,0.65496374,0.49889616,0.49471938,0.39101355,0.49226141,0.85622321,0.67098651]"
13,"[0.94998909,0.18725083,0.46161907,0.47445816,0.69805015,0.46821893,0.76352574,0.21259974,0.68634578,0.85692801,0.02180272,0.47380620,0.26469307,0.76363689,0.34437814,0.32160209,0.88792484,0.67067898,0.47798053,0.11263600,0.01494732,0.82145641,0.13086715,0.12109739,0.67573967,0.29789330,0.08174957,0.39484385,0.73266473,0.15535065,0.20547420,0.64542619,0.78169013,0.12418406,0.11004593,0.15066977,0.39323263,0.00545001,0.87280564,0.51605189,0.07860642,0.52454313,0.97936036,0.24834332,0.17446195,0.66384643,0.08246919,0.07963752,0.54738368,0.93671432,0.95159922,0.76624893,0.98534422,0.03670742,0.65535501,0.60992046,0.26488320,0.76377836,0.25849674,0.64950929,0.14176970,0.99799192,0.66897742,0.61896551,0.80621534,0.26783341,0.74229057,0.44033971,0.90855764,0.67208238,0.88468112,0.57102589,0.42795290,0.44975463,0.92355983,0.18825190,0.95188780,0.29626494,0.61786603,0.50578987,0.17646786,0.65444739,0.76708239,0.78202871,0.60348411,0.73435026,0.85544665,0.53118532,0.82907762,0.91082618,0.30566903,0.03833277,0.19368241,0.39915561,0.04458080,0.82626993,0.95045299,0.06049792,0.21116669,0.60439832,0.60984733,0.48265198,0.99870286,0.07730828,0.60185041,0.58120977,0.82955209,0.00401304,0.66785847,0.75032665,0.82996317,0.37734585,0.31405917,0.26565739,0.03190532,0.01724855,0.05395496,0.70930897,0.31922843,0.58411063,0.34788798,0.60638373,0.25589201,0.39766071,0.39565163,0.06462805,0.68359256,0.48980690]"
14,"[0.75763931,0.49992887,0.94026759,0.84882423,0.52090561,0.40558573,0.97661062,0.40456252,0.85431615,0.77787498,0.96612589,0.91801269,0.21427662,0.83214165,0.33793053,0.51439738,0.16884377,0.93592516,0.71795286,0.32143597,0.05578524,0.91123089,0.44241520,0.27149182,0.18231701,0.48798504,0.52631680,0.71999822,0.11915283,0.16373262,0.99000155,0.94045354,0.00095046,0.21211615,0.81651347,0.42635980,0.90901078,0.90771264,0.98501992,0.58686934,0.16807811,0.99762920,0.00164124,0.66949871,0.41982436,0.24978653,0.62713138,0.94118955,0.20684594,0.23875026,0.25599781,0.30995177,0.01925975,0.33848718,0.92259680,0.27048379,0.87686652,0.13275753,0.53041724,0.92606787,0.99069492,0.67428648,0.16409238,0.92173068,0.42165855,0.36192514,0.21074837,0.73165297,0.13723770,0.11384732,0.51840884,0.37272400,0.15059798,0.11672287,0.03473455,0.24901018,0.08115083,0.41908036,0.93347674,0.10231951,0.03824366,0.75619552,0.07763050,0.13341474,0.04464462,0.48705882,0.75854965,0.94086565,0.42884969,0.95516550,0.67516271,0.79431454,0.95804616,0.94804671,0.88849925,0.88944870,0.10156385,0.91807632,0.34443512,0.25344490,0.16115654,0.14617546,0.73304380,0.90112090,0.89874910,0.90038934,0.56988704,0.98971040,0.23949593,0.86662631,0.80781486,0.01465981,0.25340907,0.50940588,0.81935665,0.83861540,0.17710158,0.09969738,0.37018017,0.24704569,0.37980221,0.91021846,0.83628533,0.82697925,0.50126473,0.66535611,0.58708579,0.00874335]"
15,"[0.37066748,0.58141485,0.31306682,0.45030353,0.56414984,0.08255769,0.45528069,0.60587767,0.72259954,0.75733309,0.00634227,0.08749210,0.50657146,0.44004720,0.54236570,0.58060837,0.33680289,0.41443239,0.54784612,0.59248974,0.07954757,0.83809622,0.77896087,0.20780956,0.16297406,0.83813577,0.63244930,0.59049446,0.53854017,0.42703842,0.31648612,0.41804897,0.33612429,0.68055841,0.93400230,0.09515784,0.24133230,0.97437510,0.87549500,0.77424310,0.67463144,0.24451749,0.23422689,0.47372182,0.34034713,0.14816099,0.16281980,0.41622787,0.92563275,0.74498840,0.58360280,0.76070338,0.86039976,0.23057893,0.47762361,0.85742483,0.76764229,0.60392662,0.43090487,0.93216860,0.59752371,0.18460850,0.19335085,0.56401733,0.14543118,0.45849701,0.90879953,0.47294838,0.55550506,0.01078475,0.61666142,0.33925996,0.09659205,0.10293333,0.19042443,0.69699488,0.13704108,0.67940578,0.26001315,0.59681504,0.01124643,0.55909155,0.15158030,0.23112686,0.06922208,0.84818195,0.05599051,0.21896357,0.05709833,0.68954664,0.28004010,0.81857927,0.24561669,0.56210182,0.98014979,0.31627307,0.99683048,0.93083178,0.02598862,0.26731992,0.24169401,0.11718801,0.89143011,0.56606055,0.81057704,0.04480293,0.51852375,0.85886988,0.00702987,0.16984867,0.58607554,0.51170729,0.25669469,0.84029650,0.60099887,0.46139763,0.69197556,0.16959818,0.02702201,0.79466329,0.39858891,0.82949278,0.76166037,0.35918308,0.54379058,0.73714043,0.30115676,0.44658694]"
16,"[0.90508294,0.81388147,0.28682885,0.84233291,0.85311667,0.46977709,0.80903605,0.90562710,0.00855943,0.19898285,0.89597674,0.03301682,0.71242160,0.97243375,0.56924779,0.58049322,0.13958377,0.29116307,0.52228893,0.59151001,0.43969096,0.49568047,0.71464304,0.77174037,0.46128601,0.74132511,0.55990338,0.80551908,0.36761989,0.34776868,0.66404075,0.66087023,0.59170101,0.61768863,0.88500754,0.12670056,0.24388757,0.13531668,0.70137623,0.51195227,0.55675420,0.07527695,0.93414583,0.94117470,0.11102237,0.69709691,0.20880320,0.46549690,0.30579239,0.90679027,0.36818690,0.06016146,0.22975864,0.25677964,0.05144193,0.45002984,0.27952162,0.04118099,0.40036307,0.94415266,0.68129208,0.98244784,0.42903378,0.33411572,0.14799620,0.43482405,0.27715596,0.13027163,0.60004771,0.40908276,0.31470886,0.32326729,0.52224914,0.41822488,0.45124070,0.16366130,0.13609405,0.70534084,0.28583306,0.42541583,0.71657790,0.23886584,0.83037485,0.27006482,0.76574429,0.48038633,0.25212570,0.71341071,0.45473481,0.01463720,0.82015527,0.18777416,0.53554184,0.19958159,0.86045082,0.45215083,0.06983845,0.95484500,0.08154455,0.32543112,0.46074680,0.16212203,0.67407331,0.23082651,0.30610246,0.24024729,0.18142098,0.29244235,0.98953827,0.19834047,0.66383637,0.96962776,0.87641702,0.24460292,0.30476338,0.53452101,0.79129965,0.84274059,0.29276943,0.57229004,0.61347003,0.01383211,0.95798376,0.63927484,0.62172169,0.05075447,0.38486919,0.53286439]"
17,"[0.96768743,0.24484240,0.37511302,0.97515974,0.38424150,0.69894936,0.02221565,0.54446379,0.96268767,0.41392737,0.57758767,0.71368072,0.41902056,0.70485262,0.13026745,0.84684436,0.08570920,0.91608305,0.18614686,0.95189015,0.43227548,0.68440018,0.39780988,0.85254370,0.86717989,0.68733417,0.87510733,0.41064817,0.61022876,0.47067857,0.92282840,0.99266585,0.94750985,0.02905340,0.35448352,0.81522932,0.97735035,0.65142266,0.88224817,0.18834963,0.42859592,0.61001590,0.90245726,0.89199452,0.09033399,0.75416936,0.72379612,0.60021214,0.84481406,0.14957644,0.68409645,0.47539511,0.31813469,0.61090312,0.18319216,0.79666120,0.81049230,0.76847506,0.40774891,0.02946959,0.08022306,0.46509125,0.99795464,0.96564107,0.21048247,0.58559449,0.56075322,0.94499372,0.64394209,0.66615674,0.21061953,0.17330621,0.58723258,0.16481924,0.87849896,0.29751852,0.00237013,0.13263659,0.97947994,0.06518814,0.98127019,0.16741605,0.11930520,0.55157968,0.23597886,0.63378774,0.48633044,0.35350933,0.04084250,0.91594883,0.32659599,0.93682375,0.40750133,0.33032873,0.32299358,0.27050243,0.29955483,0.65403735,0.46926567,0.44661502,0.09803668,0.98028385,0.16863248,0.59722740,0.20724230,0.10969856,0.00169208,0.09202507,0.84619343,0.56998855,0.17019969,0.01501275,0.16458819,0.84868364,0.32407775,0.64221144,0.25311357,0.43630473,0.23296493,0.04345623,0.81193029,0.21967820,0.24914679,0.32936885,0.79445910,0.79241274,0.75805281,0.96853427]"
18,"[0.55412776,0.11487998,0.05987271,0.70381379,0.36996953,0.58058806,0.75389327,0.34112484,0.50594309,0.38444104,0.68195856,0.68432769,0.81696328,0.79644222,0.86162936,0.84289855,0.01031360,0.12961780,0.68119649,0.91717435,0.55096109,0.03729053,0.39079887,0.43164036,0.34758819,0.67418318,0.61100594,0.01850626,0.34883399,0.67182657,0.94232800,0.24188183,0.89591818,0.36518285,0.81179688,0.90983256,0.89011542,0.05874690,0.65597330,0.86321460,0.97291216,0.97460325,0.06662732,0.91281975,0.48280730,0.65300599,0.66801774,0.83260493,0.68128757,0.00536432,0.64757476,0.90068733,0.33699106,0.56995499,0.61341022,0.42533951,0.64501671,0.89416251,0.22353036,0.01798846,0.81040020,0.56845200,0.53698527,0.09111203,0.20599102,0.26586273,0.96967552,0.33964405,0.92023111,0.67412338,0.01524722,0.52118930,0.90562935,0.58758691,0.27191360,0.08887588,0.88531710,0.74694547,0.58984302,0.60015562,0.72977242,0.41096791,0.32814125,0.87910134,0.91639088,0.30718874,0.73882810,0.08641529,0.76059748,0.37160242,0.39010768,0.73894067,0.41076624,0.35309324,0.59497407,0.49089125,0.85607310,0.66786898,0.57770055,0.46781496,0.52656086,0.18253317,0.04574677,0.01865793,0.99326018,0.05988650,0.97270525,0.45551155,0.10851654,0.77653327,0.60913720,0.29042377,0.29578709,0.94336085,0.84404718,0.18103724,0.75099123,0.36440044,0.78973895,0.43475467,0.32891617,0.55244553,0.57043299,0.38083218,0.94928318,0.48626746,0.57737849,0.78336851]"
19,"[0.04923024,0.01890476,0.35854781,0.27877792,0.95290029,0.96814651,0.48933481,0.39496316,0.98254907,0.25446166,0.34333654,0.22865265,0.97559711,0.56543913,0.16559375,0.89536517,0.30633207,0.63447233,0.51357267,0.42996255,0.73715029,0.47597739,0.56239169,0.32298817,0.69458958,0.08469626,0.82363593,0.23440116,0.58749340,0.18246647,0.67335672,0.52942882,0.19729680,0.77499635,0.24281031,0.76937018,0.95190234,0.99764811,0.01630505,0.00956423,0.06944972,0.04215397,0.49766452,0.60618006,0.38271233,0.99184853,0.28227130,0.57805739,0.52141724,0.36546342,0.54649966,0.29748989,0.66188933,0.45162729,0.88638095,0.21529612,0.76774065,0.33817264,0.71900382,0.66828600,0.15455246,0.73192996,0.51529747,0.56452671,0.58343047,0.94197728,0.22075420,0.17365349,0.14179900,0.63113281,0.02609497,0.00864303,0.26310370,0.60643924,0.83509089,0.81068700,0.37612513,0.54171788,0.43708205,0.74341312,0.37788445,0.89145613,0.32141767,0.05856696,0.53454335,0.09693404,0.41992121,0.11450979,0.19920505,0.02283998,0.25724014,0.84473254,0.02719801,0.70055372,0.22998154,0.42727734,0.20227269,0.44508200,0.21445118,0.16635252,0.16399963,0.18030368,0.18986690,0.25931563,0.30146860,0.79913212,0.40531118,0.78802251,0.77987004,0.06214034,0.64019673,0.16161297,0.52707539,0.07357405,0.37106293,0.03295126,0.48457755,0.37095750,0.58625262,0.35399227,0.69216391,0.41116673,0.07945173,0.23400319,0.96593215,0.48122862,0.04575433,0.62918380]"
20,"[0.57116008,0.79191328,0.96556577,0.10736377,0.73849558,0.76458954,0.77323158,0.03633428,0.64277252,0.47786241,0.28854841,0.66467255,0.20638943,0.64347047,0.38688260,0.76476605,0.65622117,0.97763784,0.03620381,0.57074616,0.66767920,0.08759941,0.20210820,0.40131226,0.42415124,0.68139038,0.52612192,0.55331893,0.25387165,0.48385220,0.91112854,0.11340023,0.55848124,0.77293141,0.93928293,0.10328156,0.28358424,0.47345015,0.73276477,0.03423237,0.83336349,0.23867366,0.02669517,0.80656421,0.86870355,0.50889927,0.67051124,0.19758563,0.27115867,0.64222060,0.67517087,0.15974742,0.53070392,0.11695554,0.47094682,0.16310973,0.57427545,0.65372619,0.88772838,0.85365953,0.33488715,0.38064049,0.00982329,0.58098237,0.37289465,0.33845941,0.44582218,0.18431675,0.94890530,0.72213588,0.75846915,0.40124067,0.87910208,0.16764949,0.83232104,0.03870946,0.68217894,0.06906053,0.83382558,0.49004575,0.46768259,0.50388540,0.07463056,0.74230876,0.82990717,0.03201438,0.43332563,0.85747587,0.53886525,0.06498617,0.61830410,0.87217475,0.35602595,0.26715349,0.38055272,0.93903296,0.71196337,0.65124530,0.75452587,0.03810911,0.51155826,0.24432203,0.27855340,0.11191588,0.35058855,0.37728272,0.18384592,0.05254847,0.56144674,0.23195699,0.42954161,0.70069928,0.34291889,0.01808876,0.17783517,0.70853810,0.82549264,0.29643845,0.45954718,0.03382164,0.68754682,0.57527420,0.42893274,0.76381889,0.14445838,0.15428066,0.73526203,0.10815568]"
21,"[0.44661409,0.89243527,0.07675102,0.02565532,0.74779019,0.50625834,0.90749801,0.78659909,0.95424758,0.78656762,0.82527608,0.50745402,0.57651355,0.41033813,0.90038287,0.36806447,0.87194886,0.94657842,0.68888618,0.51879235,0.55080573,0.98413036,0.84160523,0.38046947,0.44545464,0.06375775,0.93593150,0.29195645,0.55910894,0.93966067,0.87869262,0.59065499,0.24189930,0.99642417,0.03453228,0.54608953,0.79041056,0.06896295,0.18087784,0.53146538,0.90874710,0.09259202,0.14513950,0.70658524,0.93854123,0.36808184,0.06878012,0.41169801,0.42978576,0.60761994,0.31615703,0.14164867,0.43808613,0.89763231,0.93145294,0.61899877,0.19427197,0.62320371,0.38702160,0.53147897,0.68575864,0.42101967,0.52917434,0.97578743,0.86822170,0.94497171,0.97062603,0.71841522,0.22467256,0.13216957,0.91876766,0.87301424,0.65958086,0.48485594,0.99230896,0.56882151,0.97915863,0.87954051,0.24760397,0.11955184,0.06612926,0.75501444,0.27380579,0.82461052,0.80873988,0.65034411,0.03081258,0.47626623,0.54002297,0.47595347,0.76790892,0.32701687,0.26667653,0.14536815,0.73602215,0.97792045,0.97434361,0.00887489,0.55496342,0.34537298,0.41433493,0.59521177,0.12667615,0.03542225,0.12801328,0.27315177,0.97973601,0.91827624,0.28635708,0.35513620,0.76683320,0.19661797,0.80423691,0.12039294,0.26204061,0.70012573,0.59775704,0.52920898,0.14820675,0.34247772,0.96568042,0.35270102,0.88417900,0.56993663,0.99095530,0.52012864,0.49591508,0.36413577]"
22,"[0.30910649,0.27973152,0.99814574,0.22281730,0.35498587,0.27375253,0.14676577,0.80634564,0.29120058,0.28350854,0.85232905,0.83148668,0.71102619,0.95862916,0.07817999,0.14430825,0.89932169,0.17312648,0.99773600,0.80647488,0.45681799,0.48762957,0.96389479,0.50391676,0.97986924,0.74777716,0.07479303,0.34146856,0.48683571,0.22285686,0.20077630,0.17511891,0.18399280,0.73895522,0.08432720,0.49866113,0.09387189,0.22054704,0.25596830,0.38398057,0.65713135,0.63686636,0.55514160,0.84149768,0.19663287,0.96346508,0.16008204,0.96431795,0.08470989,0.34674949,0.04687423,0.64463027,0.17383825,0.32204400,0.66452071,0.63020014,0.98290016,0.86707815,0.43701378,0.42796808,0.94809573,0.44400980,0.80814457,0.11725006,0.39698058,0.39512531,0.61794161,0.97292648,0.24667801,0.39344278,0.19978742,0.49098700,0.77449454,0.62682258,0.45830826,0.16933345,0.12796161,0.20614060,0.35044785,0.24976854,0.42289402,0.42062902,0.22710290,0.68391988,0.17154845,0.13544224,0.63935801,0.61922624,0.36700241,0.44179443,0.78326199,0.27009670,0.49295256,0.69372786,0.86884578,0.05283758,0.79179180,0.87611799,0.37477812,0.46864902,0.68919506,0.94516236,0.32914193,0.98627228,0.62313764,0.17827823,0.01977491,0.21640678,0.17987086,0.33995190,0.30426885,0.38897774,0.73572623,0.78259946,0.42722873,0.60106598,0.92310897,0.58762868,0.21782782,0.20072697,0.06780413,0.50481691,0.93278399,0.88087872,0.32488752,0.13303110,0.25028015,0.64725973]"
23,"[0.04238404,0.66032465,0.63325013,0.87992714,0.27336892,0.47315534,0.96414134,0.73863488,0.36545646,0.82376372,0.99309617,0.12105678,0.32719638,0.67764323,0.92741077,0.35030380,0.77093182,0.99803372,0.68195260,0.85350005,0.98894129,0.62829830,0.24752355,0.61452495,0.05631838,0.83957937,0.10967507,0.60262663,0.29635349,0.16519826,0.21803484,0.00982564,0.88594263,0.26071975,0.72936777,0.41856183,0.36372318,0.69286411,0.67913539,0.30227203,0.48054926,0.50032317,0.71672895,0.89659881,0.23654971,0.54081756,0.92979430,0.66551953,0.44811799,0.87534572,0.47641070,0.39951867,0.98714635,0.20497317,0.40569914,0.47350227,0.97831818,0.91110117,0.79197889,0.11686541,0.24989551,0.50017466,0.14743339,0.18981643,0.85014008,0.48338921,0.36331534,0.63668326,0.10983760,0.07397794,0.81261182,0.17806728,0.00183000,0.99492518,0.11598095,0.44317633,0.12081857,0.04822834,0.39853114,0.16946195,0.16749467,0.84944627,0.70294532,0.69188562,0.32018292,0.56770546,0.18222941,0.23854680,0.07812517,0.18779924,0.79042487,0.08677736,0.25197462,0.47000846,0.47983310,0.36577473,0.62649348,0.35586025,0.77442108,0.13814326,0.83100638,0.51014077,0.81241179,0.29296005,0.79328222,0.51001017,0.40660798,0.64315670,0.18397326,0.11376656,0.77928510,0.22740209,0.10274681,0.57915650,0.97867417,0.96581952,0.17079169,0.57648983,0.04999110,0.02830828,0.93940845,0.73138634,0.84825076,0.09814526,0.59831893,0.74575132,0.93556675,0.78570584]"
24,"[0.26909404,0.63240839,0.26909065,0.37892725,0.45290419,0.26551501,0.44358129,0.44541029,0.44033447,0.55631442,0.99948976,0.12030732,0.16853466,0.56706480,0.73652575,0.90401942,0.75346469,0.45640901,0.14829362,0.46847554,0.03618000,0.21840842,0.45695422,0.53507838,0.72287662,0.51330049,0.60007684,0.85205046,0.32205792,0.80189002,0.16766375,0.79415623,0.15001548,0.92443556,0.06257783,0.89358320,0.40372297,0.21613377,0.50909282,0.30237404,0.81238322,0.21899020,0.86214590,0.04611816,0.15988372,0.93916781,0.16656890,0.26931471,0.84847021,0.82714338,0.79296191,0.96375260,0.54024143,0.59023153,0.61853882,0.55794627,0.28933161,0.13758137,0.23572563,0.83404356,0.57979388,0.51535964,0.30106447,0.57015752,0.20256490,0.47165455,0.85058080,0.30348399,0.56899800,0.01257829,0.45798758,0.89832105,0.45463447,0.45412323,0.57442955,0.74296322,0.31002702,0.04655177,0.95057019,0.70403387,0.16044188,0.30873451,0.77720905,0.81338806,0.03179548,0.48874869,0.02382607,0.74670169,0.26000118,0.86007703,0.71212649,0.03418341,0.83607243,0.00373518,0.79789042,0.94790490,0.87233946,0.93491629,0.82849849,0.23222046,0.44835323,0.95744505,0.25981810,0.07220031,0.29118952,0.15333441,0.19945157,0.35933429,0.29850110,0.46506901,0.73438272,0.58285193,0.40999431,0.20295522,0.16670682,0.70694725,0.29717778,0.91571560,0.47366086,0.76299148,0.90057185,0.13629648,0.97033904,0.55013192,0.06549056,0.36655403,0.93671055,0.13927445]"
25,"[0.61092800,0.46150780,0.76499079,0.33398779,0.34656509,0.80455167,0.70287172,0.15750520,0.61162743,0.18605598,0.92901820,0.23904421,0.28559498,0.23616416,0.94019704,0.10063792,0.40937143,0.18657948,0.99996654,0.03176102,0.52050871,0.54433378,0.29103448,0.55103466,0.41111068,0.12323617,0.15741858,0.99349001,0.99722420,0.79511361,0.74301751,0.61535597,0.55027126,0.37876875,0.61098821,0.05934045,0.01678450,0.27660160,0.34880091,0.63998943,0.79332284,0.99277341,0.35210670,0.65060680,0.11567481,0.85005653,0.43290745,0.84290077,0.04585499,0.21256080,0.91950705,0.21668383,0.13239843,0.60605829,0.36904877,0.26961961,0.40591509,0.37625313,0.92638405,0.99187361,0.35842665,0.29513620,0.43440965,0.04533665,0.50684345,0.27183324,0.60582004,0.95238412,0.75693479,0.45980551,0.61730971,0.22893614,0.41499112,0.34400832,0.58305153,0.86864551,0.10480867,0.04500471,0.14564163,0.55501207,0.74159055,0.74155609,0.77331611,0.29382382,0.83815660,0.12919007,0.68022373,0.09133341,0.21456858,0.37198617,0.36547518,0.36269838,0.15781099,0.90082750,0.51618247,0.06645273,0.44522048,0.05620770,0.11554714,0.13233064,0.40893124,0.75773115,0.39771958,0.19104142,0.18381383,0.53591953,0.18652533,0.30219914,0.15225467,0.58516112,0.42806089,0.47391488,0.68647468,0.60598073,0.82266356,0.95506099,0.56111828,0.93016604,0.19978465,0.60569874,0.98195088,0.90833393,0.90020654,0.25863219,0.55376738,0.98817603,0.03351168,0.54035413]"
26,"[0.81218637,0.41800540,0.37038852,0.12732231,0.58712683,0.20443554,0.43337068,0.84836079,0.19236811,0.77541864,0.64406314,0.74887081,0.79387452,0.93951516,0.49452622,0.23611578,0.97767087,0.75098598,0.04480879,0.88296439,0.01215346,0.69237619,0.78370861,0.99827619,0.37026136,0.73573554,0.09843292,0.25624291,0.15706941,0.67325088,0.73970261,0.18492210,0.24112880,0.35667494,0.48900458,0.89793482,0.65566497,0.05338355,0.24442397,0.42823680,0.96415532,0.15067966,0.45287780,0.60513147,0.19029159,0.61835148,0.09226535,0.77873903,0.38471876,0.20738132,0.16244131,0.72355859,0.65372363,0.85350728,0.45920503,0.44115490,0.34948783,0.24969337,0.50832456,0.06209095,0.05026598,0.08377666,0.62412978,0.43631515,0.85431955,0.22470708,0.35202839,0.93915422,0.14358876,0.57695843,0.42531823,0.61768534,0.39310297,0.03716512,0.78603493,0.57990846,0.51942261,0.01394784,0.25006261,0.22773248,0.97871746,0.02352525,0.90648864,0.91864110,0.61101629,0.39472390,0.39299909,0.76325944,0.49899398,0.59742590,0.85366780,0.01073621,0.68398609,0.42368770,0.60860880,0.84973660,0.20641054,0.69541412,0.59334794,0.24901192,0.30239447,0.54681744,0.97505323,0.93920756,0.08988621,0.54276301,0.14789348,0.33818407,0.95653455,0.04879890,0.82753693,0.21225470,0.41963502,0.58207533,0.30563292,0.95935555,0.81286183,0.27206586,0.71321976,0.06270659,0.31239897,0.82072253,0.88281248,0.93307746,0.01685311,0.64098190,0.07729605,0.93161460]"
27,"[0.15632068,0.50834807,0.44750129,0.59108905,0.16804648,0.59336371,0.21104804,0.60415002,0.64131413,0.42734806,0.00725552,0.52667713,0.54062397,0.79068558,0.01841706,0.99713352,0.02065777,0.92714541,0.84578551,0.45680081,0.85152371,0.24452179,0.00778024,0.50677322,0.10419811,0.95786492,0.96860012,0.65258521,0.07627191,0.68487971,0.53461531,0.74102485,0.43643796,0.02978491,0.27879583,0.58118930,0.12800573,0.10305796,0.04226452,0.13214974,0.67491175,0.82280423,0.16098730,0.11752084,0.16631875,0.99385468,0.20610838,0.62574240,0.20781673,0.51344864,0.47280319,0.28566402,0.55772888,0.27094764,0.33365323,0.64605120,0.46677274,0.34958422,0.28266068,0.29951279,0.94049369,0.01778874,0.94940234,0.10572202,0.61406909,0.06156939,0.65265744,0.82070292,0.41406563,0.62511267,0.22926169,0.87057482,0.29792188,0.30517640,0.83185253,0.37247550,0.16316008,0.18157614,0.17870866,0.19936543,0.12650984,0.97229435,0.42909416,0.28061686,0.52513766,0.53291689,0.03968911,0.14388623,0.10175014,0.07034926,0.72293348,0.79920439,0.48408310,0.01869741,0.75972126,0.19615822,0.22594213,0.50473696,0.08592525,0.21392998,0.31698695,0.35925047,0.49139920,0.16630995,0.98911318,0.15009948,0.26761933,0.43393707,0.42779075,0.63389813,0.25963952,0.46745525,0.98090289,0.45370508,0.73936810,0.29709597,0.56804261,0.90169485,0.54774505,0.01451679,0.36410000,0.64675968,0.94627147,0.88676416,0.90455190,0.85395324,0.95967426,0.57374235]"
28,"[0.63531074,0.28796718,0.10866909,0.52273372,0.14784539,0.37710608,0.24767990,0.54560078,0.85077619,0.68262772,0.05510222,0.21826130,0.39983645,0.57854411,0.77790854,0.90441738,0.87671074,0.30580389,0.58641976,0.11155641,0.64447231,0.68416042,0.82804564,0.92979478,0.00014305,0.72307552,0.52227891,0.00636101,0.02505743,0.78477768,0.98093491,0.20687604,0.71161199,0.79753625,0.01146523,0.32845118,0.68770065,0.17909885,0.34540780,0.33451999,0.48461847,0.75223679,0.18617287,0.61396262,0.24785974,0.50749827,0.97495251,0.95585441,0.40955848,0.14892558,0.44602055,0.01406217,0.91575601,0.46350006,0.47801585,0.84211485,0.48887353,0.43514400,0.32190716,0.22645806,0.08041030,0.04008356,0.61382491,0.24913465,0.53710083,0.64576892,0.16850164,0.31634604,0.69345112,0.94113002,0.48672980,0.33750499,0.02013171,0.07523293,0.29349323,0.69332868,0.27187179,0.04977933,0.95419572,0.83090545,0.13670834,0.72312710,0.83468251,0.47915382,0.16331323,0.99135788,0.92115166,0.92129370,0.64436823,0.16664614,0.17300615,0.19806258,0.98283926,0.96377316,0.17064820,0.88225919,0.67979444,0.69125867,0.01970884,0.70740849,0.88650634,0.23191315,0.56643213,0.05104960,0.80328540,0.98945726,0.60341888,0.85127762,0.35877488,0.33372640,0.28957980,0.69913729,0.84806187,0.29408142,0.30814259,0.22389761,0.68739667,0.16541152,0.00752537,0.49639790,0.93154090,0.25344706,0.47990412,0.56031341,0.60039597,0.21421988,0.46335353,0.00045336]"
29,"[0.64622128,0.81472192,0.13106696,0.82451708,0.76564610,0.25237490,0.58987889,0.61000960,0.68524153,0.97873376,0.67206144,0.94393223,0.99371057,0.94790528,0.77880974,0.91551708,0.63864318,0.47332469,0.95247751,0.11578974,0.10714662,0.02829728,0.94958998,0.59395721,0.76060234,0.93360749,0.13166907,0.11450733,0.07827949,0.24892669,0.13118489,0.81097832,0.50223599,0.52194384,0.22935132,0.11585667,0.34776881,0.91419995,0.96524855,0.76853294,0.75798920,0.36140708,0.21268370,0.57145758,0.90518298,0.19476178,0.89389807,0.74195894,0.03603937,0.34418096,0.56807756,0.25547323,0.42088375,0.42840812,0.92480502,0.85634492,0.10979098,0.58969409,0.15000651,0.75040148,0.96462036,0.42797289,0.42842524,0.07464552,0.88936644,0.02043240,0.84494848,0.61059358,0.86296748,0.45284537,0.06285397,0.74809450,0.72682726,0.39888770,0.34281893,0.33652850,0.28443278,0.06324152,0.97875760,0.61739978,0.09072347,0.04319998,0.15898872,0.26613434,0.29443062,0.24401960,0.83797581,0.59857715,0.53218364,0.66385171,0.77835804,0.85663653,0.10556222,0.23674611,0.04772343,0.54995843,0.07190126,0.30125159,0.41710725,0.76487506,0.67907401,0.64432156,0.41285350,0.17084170,0.53224778,0.74493048,0.31638706,0.22156904,0.41632982,0.31022689,0.05218484,0.08822320,0.43240316,0.00047973,0.25595196,0.67683471,0.10524182,0.03004584,0.88638975,0.99617973,0.58587282,0.73587833,0.48627880,0.45089816,0.87887005,0.30729429,0.38193881,0.27130425]"
30,"[0.29173566,0.13668314,0.74727571,0.61024219,0.06308656,0.12593952,0.87403302,0.60085928,0.99974597,0.34256391,0.67909140,0.96352318,0.02676370,0.00552029,0.62291907,0.71364154,0.75684051,0.91582823,0.18196157,0.47639119,0.72040979,0.55838459,0.15696074,0.68914338,0.35299409,0.13135113,0.98798666,0.09354788,0.33029299,0.37801543,0.92797285,0.99987311,0.30112370,0.71822995,0.48310401,0.16217702,0.80649758,0.21935008,0.39019078,0.92243756,0.66736703,0.98375309,0.20532113,0.62164995,0.93187584,0.98405968,0.07228188,0.50468405,0.50516277,0.76111373,0.43794744,0.54318826,0.57323310,0.45962185,0.45580058,0.04167240,0.77754973,0.26382753,0.71472469,0.59359373,0.90088702,0.28282483,0.55412809,0.84586274,0.98254488,0.72981959,0.34006078,0.40314634,0.52908487,0.40311689,0.00397516,0.00372014,0.34628304,0.02537344,0.98889563,0.01565833,0.02117762,0.64409569,0.35773622,0.11457574,0.03040297,0.21236354,0.68875373,0.40916251,0.96754610,0.12450584,0.81364822,0.16664131,0.29799144,0.28597710,0.37952399,0.70981598,0.08783041,0.01580226,0.01567437,0.31679707,0.03502602,0.51812904,0.68030506,0.48680164,0.70615072,0.09634050,0.01877706,0.68614309,0.66989518,0.87521531,0.49686426,0.42873910,0.41279778,0.48507866,0.98976171,0.49492348,0.25603622,0.69398266,0.23716992,0.81040202,0.27002287,0.72582245,0.76749385,0.54504258,0.80886911,0.52359279,0.11718553,0.01807155,0.30089538,0.85502247,0.70088421,0.68342809]"
31,"[0.41324668,0.75330647,0.15645181,0.68553568,0.08865156,0.09262573,0.09634486,0.44262690,0.46799935,0.45689398,0.47255130,0.49372792,0.13782261,0.49555783,0.61013257,0.64053454,0.85289707,0.54164980,0.95081131,0.91835642,0.04286126,0.85650848,0.02314880,0.32113924,0.60711535,0.98663833,0.69645331,0.78428272,0.80008399,0.81575736,0.13255343,0.16757846,0.68570649,0.36601055,0.85281119,0.55896091,0.65530041,0.67407646,0.36021855,0.03011274,0.90532705,0.40219030,0.83092840,0.24372518,0.72880285,0.71856356,0.21348604,0.46952126,0.16350291,0.40067183,0.21107285,0.48109472,0.20691617,0.97440902,0.51945059,0.32831870,0.85191050,0.96909502,0.98716557,0.28805995,0.14308142,0.84396463,0.52739172,0.94063740,0.69394287,0.85039368,0.53592836,0.62457892,0.71720365,0.81354751,0.25617341,0.72417176,0.18106474,0.65361504,0.14734196,0.28516357,0.78072041,0.39085198,0.03138551,0.88428159,0.42593039,0.37674070,0.29509612,0.33795638,0.19446386,0.21761165,0.53874990,0.14586424,0.13250157,0.82895389,0.61323561,0.41331860,0.22907496,0.36162739,0.52920485,0.21491034,0.58091989,0.43373009,0.99269000,0.64798940,0.32206487,0.68228242,0.71239416,0.61772020,0.01990951,0.85083691,0.09456109,0.82336294,0.54192550,0.75541054,0.22493080,0.38843271,0.78910354,0.00017539,0.48126911,0.68818428,0.66259229,0.18204189,0.51035959,0.36226908,0.33136311,0.31852768,0.60658663,0.74966705,0.59363068,0.12102140,0.06165780,0.75559966]"
32,"[0.60599234,0.14191970,0.76649762,0.48370027,0.29724678,0.55341919,0.27758995,0.45865369,0.11226773,0.25960869,0.54477127,0.32549067,0.71634165,0.74772616,0.63200675,0.05793614,0.43467584,0.72977096,0.06772633,0.26218919,0.47979984,0.01854874,0.16441198,0.29691255,0.12586544,0.73910005,0.15241765,0.38149161,0.74311800,0.27232185,0.48723119,0.06815008,0.50187917,0.49456816,0.14255657,0.46462044,0.14690186,0.85929502,0.47701422,0.49692273,0.34775864,0.44231874,0.26568068,0.80760518,0.56301472,0.78794452,0.17637623,0.96547878,0.96565317,0.44692128,0.13510455,0.79769585,0.97973673,0.49009532,0.85236341,0.18372552,0.50225220,0.10883783,0.85850388,0.45213356,0.57315395,0.63481075,0.39040941,0.99640076,0.13831946,0.90481608,0.38851534,0.68576112,0.23917931,0.51676826,0.97542095,0.08768767,0.34729537,0.89206563,0.21755530,0.93389595,0.68162111,0.31362686,0.37156200,0.80623684,0.53600680,0.60373213,0.86592032,0.34571916,0.36426690,0.52867788,0.82558943,0.95145387,0.69055293,0.84296958,0.22446019,0.96757719,0.23989803,0.72712822,0.79527730,0.29715547,0.79172263,0.93427820,0.39889763,0.54579849,0.40509251,0.88210574,0.37902747,0.72678511,0.16910285,0.43478253,0.24238671,0.80540043,0.59334395,0.76971918,0.73519696,0.70084913,0.14776941,0.28287296,0.08056781,0.06030354,0.55039787,0.40276027,0.58648479,0.08873598,0.19757281,0.05607569,0.50820825,0.08136120,0.71617095,0.10657937,0.10297912,0.24129758]"
33,"[0.14611266,0.53462700,0.22038712,0.45956542,0.97633268,0.95175262,0.03943930,0.38673366,0.27879829,0.49635259,0.43024755,0.11186766,0.42549353,0.79705453,0.60329037,0.13929617,0.74302730,0.60894662,0.95466478,0.31893068,0.84760756,0.67319599,0.62464886,0.31520079,0.15816937,0.38262855,0.35020474,0.59010177,0.31722899,0.11250529,0.40965976,0.20138139,0.13565859,0.53455522,0.08035272,0.48544423,0.36754897,0.74657544,0.47335955,0.64246140,0.07724293,0.31962863,0.12502806,0.71837101,0.48808919,0.22328515,0.92413328,0.07190168,0.35477364,0.43534045,0.49564299,0.04603986,0.44879913,0.03528292,0.12401791,0.32158972,0.37766441,0.88587166,0.96723187,0.68340182,0.78998019,0.89295831,0.13425489,0.28036655,0.81499255,0.03537866,0.49494309,0.47127476,0.42302638,0.46246468,0.84919734,0.12799463,0.62434623,0.05459278,0.16645944,0.59195196,0.38900549,0.99229486,0.13159003,0.87461633,0.48356195,0.43822573,0.75715540,0.60476196,0.27795695,0.90260481,0.21780459,0.37597296,0.75860051,0.10880425,0.69890502,0.01613301,0.12863730,0.53829606,0.73967645,0.87533404,0.40988826,0.49023998,0.97568321,0.34323117,0.08980561,0.56316416,0.20562456,0.28286649,0.60249412,0.72752118,0.44589119,0.93397938,0.15726353,0.08139580,0.15329649,0.50806913,0.94340858,0.43905057,0.48508943,0.93388756,0.96916948,0.09318639,0.41477511,0.79243852,0.67830919,0.64554005,0.32894087,0.11892006,0.01187737,0.14613126,0.42649681,0.24148836]"
34,"[0.27686602,0.77180811,0.24308187,0.66610726,0.12857094,0.97776728,0.10576091,0.73010614,0.78469792,0.95115635,0.54310731,0.93211181,0.92440567,0.05599470,0.93061004,0.41417099,0.85239571,0.60955012,0.21431108,0.49226702,0.39487083,0.61267442,0.98864639,0.74724590,0.85604915,0.55495317,0.57108518,0.69972148,0.23801655,0.97769200,0.85302504,0.26291231,0.75315129,0.72883349,0.07206367,0.16186828,0.72503144,0.93065500,0.21352048,0.81601360,0.54353379,0.98942398,0.92340236,0.08066489,0.16205969,0.31535518,0.82342331,0.76683089,0.20588046,0.69096889,0.62485545,0.59402393,0.68720932,0.10198343,0.89442095,0.57272914,0.21826819,0.54720806,0.66612712,0.67800350,0.82413376,0.25062958,0.49211694,0.76898196,0.54078907,0.78386994,0.44997619,0.57854613,0.55631241,0.66207232,0.39217746,0.17687437,0.12802973,0.67113604,0.60324685,0.52765152,0.58364522,0.51425426,0.92842425,0.78081896,0.39036808,0.60467815,0.09694418,0.49181401,0.10448743,0.09313282,0.84037771,0.69642586,0.25137803,0.82246221,0.52218269,0.76019824,0.73788924,0.59091328,0.85382459,0.60697487,0.33580737,0.40787003,0.56973731,0.29476774,0.22542174,0.43894122,0.25495383,0.79848661,0.78790959,0.71131095,0.79197484,0.95403353,0.26938771,0.09281002,0.85963991,0.06551936,0.75648725,0.38134170,0.97536464,0.66257296,0.76455539,0.65897534,0.23170348,0.44997067,0.99717773,0.66330385,0.34130635,0.16543911,0.41606769,0.90818362,0.67716458,0.21795265]"
35,"[0.00182159,0.45179678,0.03034191,0.58665332,0.24872464,0.64090110,0.81777447,0.94580320,0.61693824,0.22018409,0.74783461,0.33147883,0.84573209,0.77415534,0.55497330,0.94534038,0.55001753,0.64696071,0.13877371,0.24326015,0.33639196,0.17676868,0.87319354,0.12457056,0.94703177,0.46921346,0.22941069,0.96729893,0.55821121,0.41203480,0.01900867,0.35481504,0.76268407,0.33242038,0.62718712,0.85260786,0.29154808,0.54650091,0.34498652,0.13289511,0.84420506,0.63617890,0.59021144,0.85959815,0.95240717,0.81204607,0.87756444,0.63405069,0.01539139,0.99075503,0.65332699,0.41788138,0.07685572,0.30855820,0.75852787,0.75570460,0.41900745,0.76031280,0.92575091,0.34181760,0.25000022,0.92716381,0.14511546,0.14693605,0.59873183,0.62907274,0.21572506,0.46444870,0.10534880,0.92312228,0.86892448,0.48586172,0.70604481,0.45387842,0.78535626,0.63108735,0.40524169,0.96021399,0.90555337,0.45556990,0.10252960,0.24130231,0.48456146,0.82095242,0.99772010,0.87091264,0.99548220,0.94251297,0.41172543,0.64113512,0.60843305,0.16664326,0.57867705,0.59768473,0.95249876,0.71518183,0.04760121,0.67478733,0.52739419,0.81894128,0.36544119,0.71042671,0.84332082,0.68752489,0.32370279,0.91391322,0.77351037,0.72591654,0.53796161,0.41552505,0.04957474,0.06496513,0.05571917,0.70904516,0.12692554,0.20378027,0.51233747,0.27086434,0.02656793,0.44557438,0.20588618,0.13163609,0.47345269,0.72345192,0.65061472,0.79572918,0.94266422,0.54139505]"
36,"[0.17046679,0.38619086,0.85063856,0.95598636,0.87910764,0.74803112,0.23389184,0.93993565,0.39381308,0.17916834,0.81025469,0.21549538,0.17570837,0.08126074,0.53682964,0.63935824,0.88065955,0.36522001,0.18617143,0.18389053,0.05480217,0.05028337,0.99279534,0.40451976,0.04565388,0.65408592,0.82072818,0.39940423,0.99708796,0.94958572,0.66476655,0.71236676,0.38715309,0.91454629,0.73348657,0.09892676,0.80935247,0.65267229,0.34019618,0.66389796,0.57781019,0.35131956,0.07723510,0.61519571,0.03071976,0.08029350,0.14525764,0.20097581,0.91001997,0.03694451,0.24072377,0.75306024,0.02392358,0.05049051,0.49606389,0.70194907,0.83358416,0.30703586,0.03048677,0.68110050,0.47682868,0.41949190,0.96088595,0.13135175,0.51754161,0.36817917,0.32416453,0.20327117,0.95130129,0.18519213,0.12512678,0.51893886,0.69810619,0.50835988,0.72385427,0.89956164,0.98082138,0.51765001,0.15700725,0.03766580,0.40288481,0.58905524,0.77294478,0.82774594,0.87802831,0.87082265,0.27534141,0.32099429,0.97507921,0.79580639,0.19520962,0.19229658,0.14188130,0.80664686,0.51901262,0.90616471,0.82071000,0.55419557,0.65312133,0.46247279,0.11514408,0.45533926,0.11923622,0.69704541,0.04836397,0.12559807,0.74079279,0.77151155,0.85180405,0.99706069,0.19803550,0.10805446,0.14499797,0.38572074,0.13877998,0.16270256,0.21319207,0.70925496,0.41120303,0.24478619,0.55182105,0.58230682,0.26340632,0.74023399,0.15972489,0.12060985,0.25196060,0.76950120]"
37,"[0.13767937,0.46184290,0.66511307,0.61641335,0.80160448,0.92673026,0.44566812,0.14377331,0.65213219,0.37598546,0.27554610,0.25636648,0.77401549,0.93102174,0.96868654,0.37157035,0.96062460,0.73356837,0.56131332,0.43934063,0.31016228,0.58550269,0.90649597,0.88157418,0.67737957,0.87258819,0.06488377,0.20676408,0.01340993,0.53242156,0.43858527,0.25929427,0.81348884,0.46660917,0.92908096,0.04422405,0.49956231,0.61879753,0.31584195,0.36420492,0.48980199,0.23059378,0.00210433,0.85390738,0.85096708,0.04900157,0.15705504,0.30205201,0.68777175,0.82655074,0.98925230,0.20244336,0.91169732,0.32289935,0.56768454,0.11950458,0.70181040,0.96521572,0.70544871,0.86517261,0.98578145,0.23774105,0.00724125,0.14491962,0.60676151,0.27187358,0.88828593,0.68988941,0.61661867,0.06228578,0.20605809,0.85818928,0.23417374,0.50971884,0.76608431,0.54009880,0.47111954,0.43980509,0.81137444,0.77199803,0.50556541,0.06687772,0.50621735,0.81637863,0.40188031,0.30837528,0.18994846,0.86732703,0.73991423,0.80479700,0.01156008,0.02496901,0.55738957,0.99597384,0.25526711,0.06875495,0.53536312,0.46444309,0.50866613,0.00822744,0.62702397,0.94286492,0.30706884,0.79686983,0.02746261,0.02956594,0.88347232,0.73443839,0.78343897,0.94049301,0.24254401,0.93031477,0.75686450,0.74611580,0.94855817,0.86025449,0.18315283,0.75083637,0.87033995,0.57214936,0.53736408,0.24281179,0.10798339,0.09376385,0.33150390,0.33874415,0.48366276,0.09042328]"
38,"[0.36229586,0.25058079,0.94046920,0.55708687,0.61937165,0.82542874,0.68361703,0.91778977,0.42750761,0.19359092,0.73368873,0.20480727,0.64461135,0.45598479,0.22798183,0.73354623,0.80042296,0.30663931,0.12301694,0.52489625,0.83327054,0.02321800,0.89054403,0.63045726,0.43525326,0.44681233,0.47178034,0.02916891,0.02514174,0.28040785,0.34916181,0.88452393,0.34896601,0.85763115,0.86585759,0.49288056,0.43574448,0.74281232,0.53968115,0.56714276,0.59670770,0.48017902,0.21461641,0.99805438,0.93854638,0.18108940,0.11140316,0.86826667,0.61438147,0.56293863,0.42319212,0.60634395,0.35717932,0.22751828,0.79966663,0.33702971,0.57984050,0.68782289,0.78158574,0.11308863,0.45183178,0.93549354,0.02591582,0.38821067,0.63879046,0.57925866,0.13634453,0.75571518,0.58114292,0.26475895,0.18254771,0.61005432,0.80364424,0.53733197,0.74213824,0.38674859,0.84273239,0.07071321,0.80425844,0.60468040,0.91131871,0.03433464,0.55922989,0.39249943,0.41571643,0.30625946,0.93671572,0.37196797,0.81877931,0.29055865,0.31972656,0.34486730,0.62527416,0.97443496,0.85895789,0.20792290,0.06555305,0.93140964,0.42428920,0.86003268,0.60284401,0.14252416,0.70966592,0.30637261,0.78655063,0.00116604,0.99921942,0.93776480,0.11885319,0.23025535,0.09852102,0.71290149,0.27583912,0.69903023,0.30537319,0.66255151,0.89006878,0.68973442,0.02676313,0.60660262,0.29442451,0.07600925,0.18909688,0.64092766,0.57642020,0.60233502,0.99054469,0.62933416]"
39,"[0.20859182,0.34493534,0.10064952,0.68179144,0.94654939,0.12909610,0.73914943,0.54279267,0.08012364,0.82226088,0.20900847,0.05173986,0.12245207,0.92670951,0.53138891,0.44270661,0.47704025,0.03626914,0.42876757,0.84448300,0.15074146,0.08745618,0.45942316,0.27820146,0.56875911,0.88848467,0.23335097,0.85862413,0.83305809,0.69201497,0.89993687,0.96548892,0.89689756,0.32118576,0.18121744,0.78406045,0.92658361,0.63624853,0.94262014,0.72916977,0.73033481,0.72955322,0.66731702,0.78616921,0.01642357,0.11494359,0.82784408,0.10368219,0.80271143,0.10808361,0.77063412,0.66070190,0.35043532,0.37719745,0.98379907,0.27822258,0.35423083,0.54332671,0.18425337,0.76067258,0.36300659,0.35355029,0.98288345,0.19147426,0.53640861,0.63705713,0.31884757,0.26539596,0.39449106,0.13363949,0.67643116,0.75655380,0.57881367,0.78782114,0.83956000,0.96201107,0.88871957,0.42010748,0.86281309,0.33985234,0.37612049,0.80488706,0.64936906,0.80010952,0.88756470,0.34698686,0.62518732,0.19394543,0.08242910,0.31577907,0.17440219,0.00745928,0.69947325,0.59940913,0.56489705,0.46179361,0.78297837,0.96419481,0.74825426,0.67483687,0.31108439,0.25370353,0.98287230,0.71320611,0.44275833,0.11007435,0.89624257,0.91266513,0.02760772,0.85545080,0.95913199,0.76184241,0.86992503,0.64055815,0.30125905,0.65169337,0.02888981,0.01268788,0.29090946,0.64513930,0.18846501,0.37271738,0.13338896,0.49639456,0.84994384,0.83282629,0.02429955,0.56070716]"
40,"[0.19776329,0.51660986,0.78200482,0.17649488,0.31013337,0.98656353,0.74311632,0.32192899,0.10974914,0.94930814,0.91131820,0.80003678,0.22014325,0.08295534,0.42280668,0.79892617,0.60381223,0.25318029,0.05328881,0.94085251,0.28783836,0.91302468,0.10696911,0.18939720,0.50517527,0.67957646,0.68703474,0.38650699,0.98591512,0.55081116,0.01260377,0.79558114,0.75977495,0.50802821,0.18286407,0.49394747,0.74765000,0.73052131,0.44372642,0.88648375,0.99655710,0.89279867,0.80546280,0.83306952,0.68851932,0.64765030,0.40949172,0.27941574,0.91997289,0.22123094,0.87292331,0.90181212,0.91449900,0.20540747,0.85054576,0.03900977,0.41172616,0.54511412,0.04150767,0.89145052,0.72427581,0.74857436,0.30928052,0.50704281,0.02365167,0.80565549,0.98214937,0.29228174,0.27884427,0.02195959,0.34388758,0.45363572,0.40294285,0.31426005,0.11429583,0.33443808,0.41739242,0.84019811,0.63912328,0.24293451,0.49611379,0.54940160,0.49025311,0.77809047,0.69111415,0.79808226,0.98747846,0.49265273,0.17222819,0.85926193,0.24576792,0.23168204,0.78249220,0.79509497,0.59067511,0.35044905,0.85847626,0.04133933,0.53528580,0.28293480,0.01345511,0.45718052,0.34366327,0.34021937,0.23301704,0.03847884,0.87154736,0.56006568,0.20771498,0.61720570,0.89662045,0.81659234,0.03782227,0.91074458,0.81255570,0.72705371,0.93246018,0.78300494,0.82201371,0.23373887,0.77885199,0.82035866,0.71180818,0.43608298,0.18465634,0.49393586,0.00097767,0.02462834]"
41,"[0.83028283,0.81243120,0.10471194,0.38355520,0.40551379,0.74940037,0.20303508,0.60597694,0.92023599,0.03453082,0.36896790,0.78635932,0.62655643,0.26567871,0.50861222,0.00472501,0.55412561,0.04437772,0.82246719,0.51358033,0.31166159,0.29913905,0.79179077,0.96401796,0.82327889,0.06904580,0.30072684,0.08321804,0.87831201,0.46898612,0.81943417,0.67790943,0.71924776,0.25453256,0.53746636,0.55092046,0.00809999,0.35176226,0.69198063,0.92499668,0.96347452,0.83502088,0.39508556,0.60279955,0.22000425,0.11662369,0.93321503,0.97103630,0.88177989,0.69433459,0.42138730,0.35384647,0.13685041,0.95886312,0.19260099,0.97145197,0.79180963,0.50361681,0.93969879,0.12435413,0.61828899,0.61926566,0.64389299,0.47417482,0.28660501,0.39131595,0.77487016,0.18038294,0.92978231,0.13281640,0.73879234,0.65902732,0.69355714,0.06252404,0.84888236,0.47543779,0.74111550,0.24972672,0.25445072,0.80857533,0.85295205,0.67541824,0.18899757,0.50065816,0.79979621,0.59158598,0.55560294,0.37888083,0.44792563,0.74865147,0.83186851,0.71017952,0.17916464,0.99859781,0.67650623,0.39575299,0.65028454,0.18774990,0.73866937,0.74676835,0.09852961,0.79050925,0.71550492,0.67897844,0.51399832,0.90908288,0.51188143,0.73188468,0.84850737,0.78172140,0.75275670,0.63453558,0.32886917,0.75025547,0.10410094,0.24095035,0.19981247,0.39241246,0.36386343,0.15567207,0.65928788,0.59898567,0.72333880,0.34162679,0.96089145,0.60478344,0.07895726,0.36556127]"
42,"[0.75687622,0.53174538,0.71212732,0.64190864,0.77472404,0.51351537,0.17254169,0.86609783,0.92862087,0.77750223,0.25293902,0.99405352,0.24377923,0.49822896,0.30680329,0.15975434,0.83517157,0.02416814,0.52482530,0.32462051,0.91620549,0.47180743,0.85068725,0.29861188,0.04726235,0.87912986,0.58930838,0.76847202,0.76706883,0.44357406,0.83932604,0.48960959,0.67735849,0.41602685,0.16279420,0.26132282,0.05183106,0.76733499,0.44631243,0.96030975,0.86939163,0.38127206,0.11315574,0.96166211,0.74338250,0.49613820,0.13067279,0.45954096,0.20979543,0.31389537,0.55484472,0.75465619,0.14706765,0.51093008,0.66660115,0.32588802,0.92487269,0.64821049,0.98983628,0.95072673,0.55550917,0.63446542,0.00002570,0.75690092,0.28864530,0.00077162,0.64267926,0.41740229,0.93091666,0.10345736,0.96955419,0.89817406,0.67567529,0.92861331,0.92266582,0.16644405,0.66467201,0.97147430,0.13122764,0.96639821,0.99056535,0.51538966,0.84000917,0.75621366,0.22802009,0.07870634,0.37731722,0.42457858,0.30370744,0.89301482,0.66148584,0.42855367,0.87212673,0.71145177,0.20106036,0.87841784,0.29444370,0.45723690,0.71855872,0.77038878,0.53772277,0.98403419,0.94434294,0.81373357,0.19500463,0.30815937,0.26982048,0.01320198,0.50933918,0.64001096,0.09955092,0.30934535,0.62323972,0.17808344,0.93273863,0.07980528,0.59073436,0.25733450,0.58322153,0.50809322,0.15630270,0.14613798,0.09686371,0.65237187,0.28683630,0.28686099,0.04376091,0.33240521]"
43,"[0.33317583,0.97585409,0.39325538,0.32417104,0.42762740,0.39718059,0.29535365,0.97102794,0.89964024,0.82230506,0.98874812,0.65341912,0.62489242,0.75611905,0.72251626,0.71308062,0.22846927,0.06847744,0.82469010,0.05270918,0.13141452,0.50873075,0.93330832,0.23701476,0.13002858,0.79151343,0.22006610,0.09219182,0.80364259,0.00470195,0.88311879,0.17756149,0.63479739,0.35335511,0.12374289,0.66146465,0.64549784,0.58983978,0.40357236,0.59857599,0.90673436,0.17655384,0.18975482,0.69909300,0.33910296,0.43865288,0.74799723,0.37123595,0.54931839,0.48205602,0.56186030,0.15259366,0.40992716,0.99314769,0.50123990,0.65754161,0.80367859,0.90054129,0.55291217,0.83974746,0.12660746,0.17036737,0.50277158,0.83594641,0.81179950,0.20505388,0.52922392,0.95685032,0.35402991,0.64938256,0.62040950,0.52004874,0.34235280,0.33109992,0.98451804,0.60940946,0.36552751,0.08804277,0.80112239,0.02959067,0.09806711,0.92275621,0.97546439,0.10687791,0.61560766,0.54891498,0.78592874,0.91595633,0.70746875,0.92753385,0.01972468,0.82336627,0.82806722,0.71118502,0.88874551,0.52354190,0.87689600,0.00063789,0.66210154,0.30759838,0.89743717,0.30100853,0.89958352,0.80631688,0.98286972,0.17262353,0.87171553,0.21081749,0.64946937,0.39746561,0.76870056,0.31801795,0.80007297,0.36193227,0.51452493,0.92445109,0.91759778,0.41883668,0.07637729,0.88005487,0.78059517,0.33350633,0.17325280,0.29985925,0.47022562,0.97299620,0.80894161,0.62074011]"
44,"[0.82579299,0.35501591,0.31186523,0.66589414,0.31527570,0.93568420,0.45573194,0.79808374,0.12918266,0.11369970,0.72310816,0.08863467,0.17667645,0.97779784,0.00738750,0.10545361,0.02820882,0.00367221,0.11054912,0.72615578,0.27506976,0.06099750,0.97695283,0.68442058,0.61195343,0.63167711,0.45504238,0.28310860,0.99429262,0.88303713,0.40657802,0.28347302,0.28410991,0.94621045,0.25380783,0.15124400,0.45225153,0.35183404,0.15814992,0.14101864,0.31364118,0.18535571,0.39617220,0.04564057,0.44310518,0.21180474,0.52982169,0.32989367,0.69182494,0.20634887,0.13079896,0.04839574,0.46723142,0.54360771,0.42366158,0.20425575,0.53776108,0.71101288,0.01087113,0.48109575,0.45409095,0.26303156,0.88377068,0.70956266,0.06457757,0.37644180,0.04233494,0.35760964,0.29329284,0.74902377,0.54710651,0.67628817,0.78998687,0.51309403,0.60172770,0.77840315,0.75619999,0.76358649,0.86903910,0.89724692,0.90091812,0.01146624,0.73762103,0.01268979,0.07368629,0.05063812,0.73505771,0.34701014,0.97868625,0.43372763,0.71683524,0.71112685,0.59416298,0.00074000,0.28421202,0.56832093,0.51453039,0.76833722,0.91958022,0.37183075,0.72366379,0.88181272,0.02283036,0.33647054,0.52182524,0.91799644,0.96363601,0.40674019,0.61854393,0.14836462,0.47825728,0.17008122,0.37642909,0.50722705,0.55562179,0.02285221,0.56645892,0.99011950,0.19437425,0.73213433,0.44314621,0.45401634,0.93511109,0.38920104,0.65223160,0.53600128,0.24556294,0.31013952]"
45,"[0.68658032,0.72891426,0.08652290,0.37981474,0.12883751,0.67594303,0.35223020,0.14221607,0.65530911,0.25703581,0.03543796,0.79163695,0.55522244,0.42426053,0.32150645,0.22242357,0.23388882,0.97150884,0.98419763,0.05788292,0.10852005,0.84357675,0.19058589,0.16927114,0.60299777,0.31983201,0.03095786,0.62511984,0.62585884,0.91006987,0.47838980,0.99291919,0.76125541,0.68083463,0.05266438,0.77632717,0.65813889,0.68096825,0.01743779,0.53926203,0.45725747,0.42089248,0.82763167,0.44617460,0.59453821,0.07279450,0.24287472,0.61930281,0.12652885,0.68214964,0.70500085,0.27145877,0.26157727,0.45595052,0.18808386,0.63122907,0.08524441,0.02035450,0.40955454,0.06178514,0.59778542,0.84334737,0.15348588,0.84006521,0.56897847,0.65550037,0.03531411,0.16415063,0.84009265,0.19232185,0.33453693,0.98984504,0.24687985,0.28231681,0.07395276,0.62917420,0.05343373,0.37493918,0.59736175,0.83124957,0.80275742,0.78695405,0.84483597,0.95335502,0.79693077,0.98751566,0.15678580,0.75978257,0.07961358,0.11057044,0.73568928,0.36154712,0.27161599,0.75000479,0.74292297,0.50417738,0.18501101,0.23767439,0.01400056,0.67213845,0.35310570,0.37054249,0.90980352,0.36705999,0.78795147,0.61558213,0.06175573,0.65629294,0.72908644,0.97196016,0.59126196,0.71778982,0.39993846,0.10493831,0.37639608,0.63797236,0.09392188,0.28200474,0.91323281,0.99847621,0.01882971,0.42838324,0.49016738,0.08795180,0.93129817,0.08478305,0.92484726,0.49382473]"
46,"[0.14932410,0.18463722,0.34878684,0.18887849,0.38119935,0.71573528,0.70557931,0.95245816,0.23477397,0.30872573,0.93789893,0.99133166,0.36626984,0.96363059,0.79487916,0.59763558,0.38458862,0.22942359,0.18277761,0.97970738,0.96722204,0.12400684,0.88378841,0.96340098,0.07397042,0.80965870,0.17120482,0.44281981,0.19282360,0.93574557,0.43992195,0.62493196,0.86260535,0.87660492,0.54874237,0.90184707,0.27238856,0.18219108,0.54925006,0.33720053,0.95278166,0.01453639,0.67082834,0.39991378,0.37187293,0.96313390,0.68092271,0.08086017,0.18579749,0.56219257,0.20016393,0.29408481,0.57608854,0.48932035,0.48779556,0.50662427,0.93500651,0.42517290,0.51312370,0.44442087,0.52920292,0.45404918,0.94787291,0.09719601,0.28183223,0.63061807,0.81949556,0.20069391,0.91642819,0.62200650,0.57446366,0.80923663,0.11796136,0.05585929,0.04718995,0.41345878,0.37708837,0.17196653,0.76960111,0.15418873,0.38361133,0.56638794,0.54609432,0.51331536,0.63732119,0.52110860,0.48450858,0.55847800,0.36813570,0.53933952,0.98215833,0.17498092,0.11072549,0.55064645,0.17557741,0.03818176,0.91478568,0.46352704,0.36537312,0.63776068,0.81995076,0.36919982,0.70639935,0.65918001,0.67371541,0.34454275,0.74445552,0.11632746,0.07946035,0.76038207,0.84124124,0.02703773,0.58922930,0.78939223,0.08347603,0.65956358,0.14888293,0.63667749,0.14330076,0.07830627,0.50347816,0.01660086,0.46102073,0.99022265,0.44427083,0.39214274,0.48933775,0.77116898]"
47,"[0.40178604,0.22128061,0.42197352,0.33840070,0.96040620,0.53486886,0.34410449,0.46206486,0.51792315,0.56511209,0.97856987,0.35565724,0.52762278,0.29722289,0.45141062,0.83502095,0.40140789,0.94750121,0.46081557,0.09813576,0.61924336,0.10375094,0.66222794,0.03036264,0.56970116,0.55185848,0.72683841,0.83756290,0.38820835,0.56378476,0.60196552,0.51675019,0.98027624,0.34564836,0.98340803,0.80335779,0.17255661,0.87895496,0.53813397,0.21184838,0.55639013,0.30084465,0.41717111,0.49663046,0.25701153,0.09825177,0.12528850,0.71451681,0.50390803,0.58738307,0.24694565,0.39582757,0.03250406,0.17580382,0.25410908,0.75758625,0.77418611,0.23520584,0.22542749,0.66969732,0.06183906,0.55117581,0.32234378,0.72412883,0.94540843,0.36738095,0.70578065,0.66618586,0.20105372,0.54515721,0.00722107,0.52514321,0.09025430,0.06882318,0.42447942,0.95210120,0.24932309,0.70073271,0.53575265,0.93715954,0.88465975,0.34547432,0.44360907,0.06285143,0.16660137,0.82882831,0.85918994,0.42889010,0.98074758,0.70758499,0.54514689,0.93335423,0.49713799,0.09910251,0.61585170,0.59612694,0.94177430,0.92518133,0.72853812,0.90109372,0.78004768,0.31818065,0.53002803,0.08641716,0.38726081,0.80443092,0.30106038,0.55807091,0.65632169,0.78160919,0.49612500,0.00003203,0.58741410,0.83435874,0.23018532,0.26268838,0.43849119,0.69259928,0.45018452,0.22436963,0.45957446,0.68500095,0.35469727,0.41653533,0.96771013,0.29005292,0.01418075,0.95958818]"
48,"[0.32696813,0.03274778,0.69893264,0.89998536,0.44514157,0.45236164,0.97750385,0.06775715,0.13657933,0.56105775,0.51315795,0.76248004,0.46321175,0.99896340,0.93612194,0.82078069,0.16625401,0.60986208,0.67271251,0.83931288,0.66814019,0.52732913,0.95621823,0.93696481,0.64454880,0.18969468,0.12304792,0.62018491,0.71928642,0.33513712,0.93126306,0.87303636,0.79821668,0.52675380,0.42784652,0.20789320,0.52607286,0.05609989,0.14251604,0.52977585,0.33420577,0.63526515,0.19333506,0.84965574,0.63126393,0.12738793,0.12741896,0.71483206,0.54918981,0.77937412,0.04206150,0.48055169,0.17314997,0.62333350,0.84770212,0.30727559,0.99227554,0.34697181,0.76350613,0.73121527,0.02126718,0.03544693,0.99503411,0.32200124,0.35474802,0.05367966,0.95366402,0.39880458,0.85116522,0.82866807,0.89642422,0.03300255,0.59405931,0.10721626,0.86969530,0.33290605,0.33186845,0.26798939,0.08876908,0.25502209,0.86488317,0.53759469,0.37690657,0.04504576,0.57237389,0.52859112,0.46555493,0.11010272,0.29979641,0.42284332,0.04302723,0.76231265,0.09744877,0.02871083,0.90174618,0.69996187,0.22671467,0.65456019,0.86245240,0.38852425,0.44462314,0.58713818,0.11691303,0.45111780,0.08638194,0.27971600,0.12937074,0.76063368,0.88802061,0.01543857,0.73026963,0.27945844,0.05883156,0.10089206,0.58144276,0.75459173,0.37792422,0.22562535,0.53289993,0.52517447,0.87214528,0.63565041,0.36686468,0.38813086,0.42357679,0.41860990,0.74061014,0.09535716]"
49,"[0.14903582,0.10269883,0.50150242,0.35266664,0.18133371,0.07775693,0.11075848,0.70481679,0.81203205,0.68172635,0.01463139,0.34649884,0.61448723,0.70325531,0.95827641,0.82315858,0.36075227,0.73765784,0.78270259,0.35507548,0.88366560,0.34921952,0.45932124,0.75911665,0.18195898,0.22498521,0.98729686,0.08474463,0.11345446,0.01519964,0.71516051,0.94187418,0.59643337,0.45888477,0.84740803,0.29203016,0.87916735,0.99607938,0.44719618,0.53357712,0.81329212,0.94266186,0.70329454,0.59131415,0.60675172,0.33702035,0.61647779,0.67530835,0.77619941,0.35764117,0.11223189,0.49015512,0.71577946,0.24867840,0.77385187,0.64599615,0.28164556,0.64850924,0.03663910,0.46021489,0.87882379,0.61943293,0.71478909,0.86382390,0.96652174,0.46802316,0.82068879,0.00202150,0.07977743,0.19053491,0.89535070,0.70738175,0.38910710,0.40373749,0.75023533,0.36472156,0.06797588,0.02625128,0.84940886,0.21016013,0.94781696,0.73051856,0.08559303,0.96925763,0.31847615,0.77779640,0.53691205,0.71887002,0.94385423,0.93115009,0.01589372,0.12934717,0.14454581,0.85970532,0.80157850,0.39801087,0.85689464,0.70430166,0.99633083,0.87549718,0.87157556,0.31877073,0.85234685,0.66563797,0.60829884,0.31159238,0.90290553,0.50965625,0.84667561,0.46315240,0.13845975,0.91465816,0.27229832,0.38452922,0.87468333,0.59046180,0.83913919,0.61299006,0.25898521,0.54062978,0.18913802,0.22577612,0.68599001,0.56481281,0.18424473,0.89903282,0.76285572,0.72937646]"
50,"[0.19739861,0.01808641,0.02010691,0.09988334,0.29041725,0.18576695,0.89314770,0.28225380,0.68599029,0.43622463,0.80094519,0.86892007,0.89517035,0.74457822,0.95473734,0.90255331,0.63307086,0.71866290,0.68791953,0.00639468,0.78419007,0.32110112,0.03997014,0.98382337,0.91497246,0.93086518,0.06021135,0.20475616,0.06446048,0.86603798,0.26404785,0.12094149,0.82524215,0.82157198,0.69706816,0.56864272,0.88741245,0.73975830,0.40539528,0.01369312,0.32528450,0.22818903,0.73784428,0.58451889,0.04767028,0.18612903,0.10078619,0.37308351,0.75761173,0.63229406,0.22275486,0.06189305,0.67488211,0.93386633,0.47449510,0.66363212,0.88940724,0.57539626,0.14020806,0.32445179,0.22348361,0.98633834,0.71571379,0.91311141,0.93119682,0.95130272,0.05118506,0.34160131,0.52736726,0.42051396,0.70276676,0.38875605,0.82497968,0.62592387,0.49484294,0.39001229,0.13458951,0.08932585,0.99187816,0.62494802,0.34360992,0.03152845,0.03792212,0.82211120,0.14321132,0.18318046,0.16700283,0.08197429,0.01283847,0.07304882,0.27780399,0.34226347,0.20830045,0.47234730,0.59328779,0.41852894,0.24009992,0.93716708,0.50580880,0.39322025,0.13297755,0.53837183,0.55206395,0.87734744,0.10553547,0.84337875,0.42789663,0.47556592,0.66169395,0.76247913,0.13556165,0.89317237,0.52546543,0.74821929,0.81011134,0.48499245,0.41885778,0.89335188,0.55698300,0.44638924,0.02178450,0.16199156,0.48644235,0.70992497,0.69626230,0.41197510,0.32508551,0.25628132]"
51,"[0.20758305,0.25876711,0.60036742,0.12773367,0.54824663,0.25101239,0.63976744,0.46474611,0.09066898,0.58551092,0.97552221,0.11011071,0.19943557,0.19131272,0.81625975,0.15986867,0.19139611,0.22931724,0.05142744,0.19463775,0.37781721,0.54481904,0.62679233,0.63962980,0.71267762,0.99048060,0.33274307,0.54104252,0.01338882,0.60667561,0.02520355,0.26530247,0.20246856,0.70827636,0.10149561,0.23447216,0.77284299,0.32490594,0.20225238,0.30778685,0.15116460,0.57906023,0.05462514,0.71631809,0.47879622,0.61435687,0.50752824,0.03299268,0.78121097,0.59132130,0.07631275,0.49516953,0.38852041,0.94550241,0.39189065,0.41367415,0.57566471,0.06210606,0.77203003,0.46829133,0.88026543,0.20534993,0.46163026,0.66921230,0.92797841,0.52834483,0.65607750,0.20432313,0.45533452,0.09510096,0.55984607,0.65051405,0.23602397,0.21154518,0.32165489,0.52108946,0.71240118,0.52865993,0.68852759,0.87992271,0.10923894,0.16066538,0.35530213,0.73311834,0.27793638,0.90472770,0.54435650,0.25703312,0.24751272,0.58025479,0.12129631,0.13468413,0.74135873,0.76656128,0.03186275,0.23433031,0.94260567,0.04410028,0.27857144,0.05141343,0.37631836,0.57856974,0.88635559,0.03751918,0.61657841,0.67120256,0.38751964,0.86631487,0.48067074,0.98819798,0.02118966,0.80239962,0.39371993,0.47003168,0.96520021,0.35371962,0.29922103,0.69111069,0.10478384,0.68044755,0.74255261,0.51458163,0.98287197,0.86313639,0.06848533,0.53011458,0.19932589,0.12730330]"
52,"[0.65564712,0.31172362,0.51604576,0.97137928,0.06647924,0.62632431,0.27683736,0.51286033,0.72440451,0.04605840,0.56714686,0.27954704,0.80820596,0.49673256,0.37665426,0.48589221,0.64655659,0.00185772,0.73497506,0.01291043,0.91763714,0.46199264,0.71902475,0.96653647,0.54679026,0.66808556,0.80276869,0.54412642,0.31068670,0.34254846,0.57687777,0.51948244,0.56358171,0.84215215,0.89356458,0.26988194,0.84845068,0.73480527,0.77232345,0.38890086,0.06010241,0.44762106,0.31393493,0.79460467,0.78280165,0.80399030,0.60638893,0.00010786,0.47013854,0.43533775,0.78905638,0.08827641,0.77938610,0.88416894,0.56461548,0.30716709,0.82174773,0.80461869,0.66775408,0.73623841,0.26635199,0.46567688,0.59297918,0.24862530,0.56034793,0.07639268,0.04777096,0.11424920,0.74057251,0.01740888,0.53026821,0.25467172,0.30072912,0.86787498,0.14742102,0.95562598,0.45235754,0.82901080,0.31490200,0.96145759,0.96331431,0.69828836,0.71119780,0.62883394,0.09082557,0.80984933,0.77638479,0.32317405,0.99125861,0.79402630,0.33815173,0.64883743,0.99138489,0.56826166,0.08774310,0.65132381,0.49347496,0.38703854,0.65691948,0.50536916,0.24017342,0.01249587,0.40139573,0.46149714,0.90911720,0.22305112,0.01765479,0.80045543,0.60444474,0.21083267,0.21093952,0.68107707,0.11641382,0.90546920,0.99374461,0.77312972,0.65729766,0.22191214,0.52907823,0.35082495,0.15544264,0.82319573,0.55943314,0.82578413,0.29146001,0.88443819,0.13306249,0.69340942]"
53,"[0.76980110,0.81757106,0.93181926,0.67239078,0.68979865,0.22006586,0.47473659,0.77546471,0.64333869,0.79075871,0.74638369,0.19874023,0.02775002,0.34265103,0.30410762,0.26742092,0.96570829,0.67690509,0.30573802,0.39656260,0.20641092,0.98279472,0.30596777,0.29722538,0.09125068,0.42940141,0.07823784,0.06962173,0.63788239,0.72562449,0.37694731,0.87042127,0.25745881,0.91437729,0.41974544,0.65991786,0.67241273,0.07380746,0.53530360,0.44441979,0.66746992,0.68512370,0.48557814,0.09002188,0.30085354,0.51179207,0.19286813,0.30928095,0.21474915,0.20849277,0.98162148,0.63891814,0.86082928,0.38990651,0.74073046,0.89617211,0.71936684,0.27879897,0.10458210,0.39604112,0.28047831,0.41353981,0.10694822,0.87674833,0.69431839,0.62613665,0.29852643,0.98832408,0.20838894,0.68312453,0.45858824,0.10192593,0.89268364,0.63906633,0.83780556,0.86555458,0.20820461,0.51231123,0.77973115,0.74543844,0.42234252,0.72807954,0.12464114,0.33105106,0.31384478,0.61981154,0.91703592,0.00828560,0.43768602,0.51592286,0.58554359,0.22342499,0.94904848,0.32599479,0.19641506,0.45387287,0.36824916,0.78799360,0.44791047,0.12032220,0.19412866,0.72943125,0.17385004,0.84131896,0.52644166,0.01201880,0.10203967,0.40289222,0.91468329,0.10755042,0.41683037,0.63157853,0.84007029,0.82169078,0.46060792,0.32143619,0.71134170,0.45207117,0.34824227,0.06760811,0.34640608,0.45098719,0.84702730,0.12750462,0.54104342,0.64799065,0.52473797,0.21905536]"
54,"[0.84519101,0.14371643,0.13203951,0.34042745,0.02355098,0.48213822,0.58406315,0.47674579,0.11581111,0.95361567,0.81916925,0.02737286,0.53968309,0.31941324,0.06485067,0.48719219,0.21527074,0.33991088,0.67096094,0.98480471,0.60461525,0.52165017,0.52993478,0.96761979,0.48354165,0.06908425,0.29250824,0.24155572,0.56754951,0.76396357,0.21783544,0.58608359,0.37407619,0.82198566,0.94230686,0.13643452,0.86586477,0.03971381,0.88103177,0.40747243,0.41949023,0.52152890,0.92442012,0.83910240,0.94665182,0.36348119,0.99505872,0.83512802,0.65681779,0.11742471,0.43885990,0.15020061,0.60227077,0.95051205,0.01811915,0.36452423,0.81551042,0.66253673,0.79004034,0.33108276,0.97907241,0.50380938,0.72286374,0.56805374,0.71176918,0.84380769,0.18423415,0.20778413,0.68992135,0.27398349,0.75072828,0.86653839,0.82015307,0.63932132,0.66669318,0.20637527,0.52578750,0.59063718,0.07782837,0.29309811,0.63300798,0.30396792,0.28877163,0.89338589,0.41503506,0.94496884,0.91258763,0.39612828,0.46521153,0.75771877,0.99927348,0.56682199,0.33078456,0.54861899,0.13470158,0.50877678,0.33076144,0.27306730,0.40950081,0.27536458,0.31507739,0.19610816,0.60357958,0.02306881,0.54459671,0.46901582,0.30811723,0.25476805,0.61824824,0.61330596,0.44843298,0.10524977,0.22267348,0.66153238,0.81173199,0.41400176,0.36451280,0.38263096,0.74715419,0.56266361,0.22519934,0.01523868,0.34632044,0.32539185,0.82920023,0.55206296,0.12011571,0.83188389]"
55,"[0.67569058,0.85992372,0.06770685,0.75762720,0.03160969,0.78233697,0.64887436,0.46902643,0.10834674,0.77503892,0.98141319,0.50719970,0.09783587,0.17566324,0.46876034,0.10176733,0.40573424,0.69450488,0.58788976,0.00292382,0.94789166,0.86047829,0.25660557,0.72181610,0.47953387,0.47880635,0.04562734,0.37641090,0.92502889,0.05972947,0.56850525,0.89926569,0.17233199,0.58183180,0.85719538,0.17227177,0.36837893,0.97195751,0.99502532,0.53962102,0.00863585,0.31675207,0.57151912,0.18976636,0.80307132,0.25150330,0.35675206,0.57942454,0.24095592,0.05268691,0.46668767,0.83119947,0.21382943,0.96098263,0.52364524,0.74884358,0.76408126,0.11040070,0.43579155,0.26499077,0.81705273,0.93716744,0.76905032,0.44473990,0.30466262,0.37236847,0.12999467,0.16160336,0.94393932,0.59281268,0.06183811,0.17018385,0.94522178,0.92663397,0.43383267,0.53166754,0.70732977,0.17608912,0.27785544,0.68358869,0.37809256,0.96598133,0.96890415,0.91679481,0.77727210,0.03387667,0.75569177,0.23522464,0.71402999,0.75965633,0.13606623,0.06109411,0.12082258,0.68932683,0.58859152,0.76092250,0.34275330,0.19994768,0.37221845,0.74059638,0.71255289,0.70757720,0.24719722,0.25583207,0.57258314,0.14410126,0.33386662,0.13693694,0.38843923,0.74519030,0.32461384,0.56556876,0.61825467,0.08494133,0.91613981,0.12996824,0.09094986,0.61459410,0.36343668,0.12751694,0.23791664,0.67370719,0.93869696,0.75574870,0.69291514,0.46196446,0.90670336,0.21136499]"
56,"[0.58373246,0.71372613,0.87532848,0.81926680,0.41207849,0.47391560,0.64409845,0.58931923,0.51595220,0.94978387,0.48145040,0.18877917,0.36486729,0.64272173,0.32630942,0.70440099,0.67038131,0.63928446,0.55607827,0.33334936,0.36722503,0.12291580,0.35813944,0.07216843,0.83182376,0.96788899,0.02898210,0.14980368,0.83912952,0.42772003,0.18864154,0.53139384,0.73134052,0.10355797,0.84415335,0.55670524,0.26428144,0.51147766,0.76730873,0.33989087,0.48399113,0.81785675,0.95479268,0.34323091,0.08842021,0.41303305,0.97860081,0.59685447,0.68179481,0.59793361,0.72790085,0.81884971,0.43344281,0.79687849,0.92439443,0.16231007,0.83601626,0.77471222,0.53045991,0.22337405,0.68533751,0.59203987,0.80340386,0.38713532,0.10086044,0.97618792,0.79545373,0.20753122,0.68144581,0.32554327,0.91486150,0.43081270,0.38059556,0.86204496,0.05082314,0.41568943,0.05841016,0.38471858,0.08911857,0.75949888,0.39878234,0.95485961,0.28820797,0.65543200,0.77834680,0.13648524,0.20865267,0.04047542,0.00836341,0.03734451,0.18714719,0.02627571,0.45399474,0.64263528,0.17402812,0.90536764,0.00892461,0.85307697,0.40978120,0.67406164,0.18553830,0.95284603,0.29273590,0.77672603,0.59458178,0.54937346,0.89260337,0.98102258,0.39405463,0.37265444,0.96950791,0.65130172,0.24923433,0.97713417,0.79598288,0.22942469,0.02630218,0.95069560,0.11300467,0.94901992,0.72373114,0.25419006,0.47756311,0.16289962,0.75493849,0.55834135,0.94547567,0.04633511]"
57,"[0.02252204,0.81797476,0.02550498,0.70694979,0.03249206,0.94735256,0.37816425,0.75875881,0.62080277,0.67162491,0.08731334,0.14572250,0.53044008,0.61955765,0.37905553,0.77783687,0.73269548,0.02090245,0.67633345,0.45467924,0.59116348,0.79981514,0.84028957,0.84865198,0.88599549,0.07314169,0.09941640,0.55341014,0.19604442,0.37007154,0.27543818,0.28436179,0.13743776,0.54721796,0.22127860,0.40681591,0.35966094,0.65239584,0.42912088,0.02370166,0.57307412,0.46567649,0.44669808,0.84075171,0.21340514,0.18291205,0.83421277,0.08344610,0.06057927,0.85656115,0.08598484,0.11228602,0.06298062,0.17598429,0.12500322,0.84873336,0.10292241,0.58048452,0.74338314,0.49832063,0.05666099,0.00213566,0.04846977,0.07099080,0.88896457,0.91446855,0.62141734,0.65390840,0.60125996,0.97942321,0.73818102,0.35898279,0.03060670,0.11791904,0.26364054,0.79407963,0.41363628,0.79269082,0.57052669,0.30322117,0.32412262,0.00045506,0.45513331,0.04629579,0.84610993,0.68639850,0.53504948,0.42104397,0.49418466,0.59360005,0.14700919,0.34305261,0.71312315,0.98856032,0.27292111,0.41035787,0.95757483,0.17885244,0.58566734,0.94532728,0.59772213,0.02684201,0.05054266,0.62361578,0.08929127,0.53598835,0.37673906,0.59014320,0.77305426,0.60726603,0.69071112,0.75128940,0.60784955,0.69383339,0.80611841,0.86909803,0.04508132,0.17008354,0.01881589,0.12173731,0.70222083,0.44560297,0.94392261,0.00058259,0.00271725,0.05118602,0.12217582,0.01113939]"
58,"[0.92560694,0.54702328,0.20093068,0.80218964,0.78161185,0.51979187,0.87877367,0.90937937,0.02729742,0.29093696,0.08501558,0.49865087,0.29134068,0.86186637,0.16508654,0.48920816,0.48966222,0.94479453,0.99108931,0.83719824,0.52359574,0.05864422,0.47968719,0.97387085,0.56746990,0.71447809,0.05752970,0.77065185,0.75921117,0.03213128,0.44248816,0.40006199,0.57891343,0.16457977,0.10990605,0.70762718,0.73446819,0.78500985,0.40862463,0.49791491,0.03390226,0.41064032,0.00078252,0.77383578,0.38110080,0.07181093,0.82309932,0.43094787,0.12478026,0.93089767,0.79999470,0.84507502,0.01515756,0.03397245,0.15570876,0.85792859,0.30353056,0.24745216,0.24803376,0.25075001,0.30193502,0.42410984,0.43524823,0.36085417,0.90787645,0.10880613,0.91099477,0.69260563,0.21239650,0.09116917,0.00054754,0.02784396,0.31877992,0.40379450,0.90244437,0.19378405,0.05564942,0.22073496,0.70994212,0.19960334,0.14439686,0.13548517,0.97268241,0.49627715,0.55492037,0.03460656,0.00847640,0.57594530,0.29042239,0.34795109,0.11860194,0.87781210,0.90994239,0.35242954,0.75249053,0.33140296,0.49598173,0.60588679,0.31351297,0.04798016,0.83298901,0.24161264,0.73952655,0.77342780,0.18406712,0.18484864,0.95868342,0.33978322,0.41159314,0.23469147,0.66563834,0.79041760,0.72131427,0.52130797,0.36638199,0.38153855,0.41551000,0.57121775,0.42914534,0.73267490,0.98012606,0.22815882,0.47890782,0.78084184,0.20495069,0.64019792,0.00105108,0.90892653]"
59,"[0.01773166,0.92872543,0.62133005,0.83372555,0.92489372,0.92544027,0.95328322,0.27206214,0.67585564,0.57829901,0.77208206,0.82773047,0.04846443,0.75840555,0.95800788,0.10240375,0.23788792,0.21056933,0.70684548,0.26176485,0.29637041,0.30484581,0.88079011,0.17121151,0.51916160,0.63776253,0.51557364,0.42551502,0.77794357,0.53043310,0.86183506,0.35781580,0.96370158,0.27721355,0.32519271,0.15818071,0.39979235,0.13931790,0.91274470,0.09681082,0.28165846,0.24034088,0.58012309,0.99171524,0.22640571,0.89204304,0.68245964,0.40377291,0.92507988,0.29146087,0.67299842,0.08850741,0.65972417,0.08886851,0.82154240,0.80166746,0.02982528,0.50873210,0.28957295,0.49452263,0.13471955,0.13576963,0.04469515,0.06242581,0.99115024,0.61247930,0.44620385,0.37109657,0.29653584,0.24981806,0.52187920,0.19773384,0.77603185,0.54811290,0.37584237,0.42430581,0.18271035,0.14071724,0.24311998,0.48100690,0.69157523,0.39841971,0.66018356,0.95655297,0.26139778,0.14218689,0.31339740,0.83255799,0.47031952,0.98589216,0.41140619,0.18934875,0.71978086,0.58161492,0.93942971,0.90313030,0.18034285,0.50553455,0.66371426,0.06350561,0.20282251,0.11556621,0.21237603,0.49403349,0.73437337,0.31449546,0.30620970,0.53261441,0.42465645,0.10711509,0.51088701,0.43596589,0.72742576,0.40042318,0.48892959,0.14865276,0.23752026,0.05906166,0.86072813,0.89055241,0.39928351,0.68885545,0.18337709,0.31809563,0.45386426,0.49855841,0.56098322,0.55213246]"
60,"[0.16461076,0.61081361,0.98190918,0.27844402,0.52826108,0.05013928,0.24787211,0.02390296,0.57201486,0.94785623,0.37216104,0.55487040,0.69558663,0.93870562,0.41971152,0.11128575,0.50970446,0.16988702,0.12643898,0.38783576,0.53002165,0.84341805,0.67597504,0.14629356,0.13218472,0.54358991,0.73293766,0.45271752,0.03433144,0.97376015,0.87688945,0.05723129,0.56276485,0.22647811,0.28998272,0.49280423,0.60836944,0.82074448,0.31477697,0.04914934,0.36364380,0.66985250,0.20246590,0.62712135,0.73423544,0.24512145,0.68108634,0.40851109,0.80893327,0.29786186,0.44651362,0.68403288,0.74309354,0.60382067,0.49437208,0.89365459,0.58250904,0.76588513,0.08397976,0.53784302,0.03640043,0.59738265,0.14951412,0.31412388,0.92493649,0.90684467,0.18528769,0.71354776,0.76368604,0.01155716,0.03545912,0.60747298,0.55532821,0.92748825,0.48235765,0.17794328,0.11664790,0.53635842,0.64764317,0.15734663,0.32723264,0.45367063,0.84150539,0.37152604,0.21494308,0.89091712,0.03720968,0.16939340,0.71298231,0.44591898,0.89863550,0.93296593,0.90672509,0.78361354,0.84084383,0.40360768,0.63008478,0.92006651,0.41286974,0.02123818,0.84198166,0.15675762,0.20590596,0.56954876,0.23940025,0.44186516,0.06898551,0.80321995,0.04834040,0.72942573,0.13793583,0.94686810,0.24472896,0.69124158,0.37527346,0.11836600,0.72218567,0.21655675,0.11021034,0.69271838,0.45860250,0.54258126,0.08042328,0.11682271,0.71420436,0.86371748,0.17784036,0.10277585]"
61,"[0.00961952,0.19490620,0.90845297,0.67213801,0.68369416,0.71915228,0.32662425,0.88195146,0.80943871,0.29179536,0.46973764,0.58638453,0.12274195,0.77038412,0.92772975,0.25496139,0.70863102,0.55013541,0.92166044,0.13660252,0.02751864,0.06472732,0.23411972,0.94710103,0.39301901,0.29165350,0.22461844,0.13134252,0.91495506,0.75579789,0.15940456,0.78948835,0.70955385,0.12242259,0.14365977,0.98564043,0.14239706,0.34830202,0.91784978,0.15724903,0.59911318,0.66809769,0.47131664,0.51965604,0.24908077,0.38701560,0.33388270,0.57861066,0.26985124,0.64512370,0.76348870,0.48567337,0.70222912,0.81243846,0.50515583,0.96375733,0.50633759,0.58675987,0.70358158,0.41778495,0.28150143,0.45934079,0.56211564,0.57173416,0.76663936,0.67509132,0.34722833,0.03092149,0.75007277,0.07669602,0.95864648,0.76808419,0.05987855,0.52961519,0.11599872,0.23873967,0.00912279,0.93685154,0.19181194,0.90044196,0.45057636,0.37223580,0.50883733,0.53635497,0.60108129,0.83520000,0.78230004,0.17531804,0.46697054,0.69158798,0.82292950,0.73788356,0.49368044,0.65308400,0.44257135,0.15212420,0.27454579,0.41820457,0.40384400,0.54624006,0.89454108,0.81238985,0.96963788,0.56875006,0.23684675,0.70816239,0.22781743,0.47689721,0.86391181,0.19779351,0.77640317,0.04625340,0.69137610,0.45486379,0.94053616,0.64276428,0.45520174,0.96035657,0.92411290,0.43044950,0.01720837,0.72078895,0.13857290,0.42007333,0.87941312,0.44152776,0.01326092,0.77989927]"
62,"[0.45498960,0.80221692,0.83313741,0.58320918,0.65990419,0.61854967,0.38663287,0.44651041,0.97612460,0.09212232,0.33086099,0.33998279,0.27683333,0.46864426,0.36908522,0.81966058,0.19189539,0.70073171,0.23708568,0.83816597,0.67336497,0.45566401,0.63098105,0.09795059,0.78953757,0.61246607,0.35034862,0.84402806,0.49711107,0.93968142,0.09180462,0.36634941,0.78455298,0.18839599,0.73463505,0.62917512,0.44156398,0.41120086,0.97994992,0.21679568,0.92495707,0.15277350,0.62966971,0.49358052,0.69137302,0.46777519,0.51402759,0.20540269,0.66026548,0.60080064,0.24356392,0.69876466,0.65912023,0.58323213,0.01368063,0.03088800,0.75167595,0.89024785,0.31032018,0.18973230,0.63125907,0.64451898,0.42441725,0.87940585,0.68162177,0.51475819,0.09796636,0.75786956,0.37641823,0.76305010,0.20955951,0.18568311,0.27780443,0.60866442,0.94864621,0.22547853,0.69412180,0.06320602,0.88286560,0.07475998,0.77549070,0.01257538,0.85074034,0.52410431,0.97976732,0.61074736,0.70869695,0.49823352,0.11069858,0.46104620,0.30507327,0.80218333,0.74186375,0.83366737,0.20001578,0.98456776,0.17296275,0.90759680,0.53677092,0.97833390,0.38953375,0.36948268,0.58627735,0.51123342,0.66400593,0.29367464,0.78725416,0.47862618,0.94640036,0.46042695,0.66582864,0.32609312,0.92689276,0.17045568,0.86921934,0.52833857,0.11156970,0.12524933,0.15613633,0.90781129,0.79805814,0.10837732,0.29810862,0.92936669,0.57388467,0.99830092,0.87770577,0.55932655]"
63,"[0.07408373,0.17204909,0.92991765,0.30633488,0.06938398,0.27894248,0.46462459,0.74242802,0.35109144,0.29973665,0.52521418,0.21933498,0.28253999,0.16540459,0.24016357,0.01565327,0.02822765,0.87896699,0.40307030,0.38283662,0.99358298,0.70227893,0.20051145,0.31120903,0.77225423,0.07732649,0.87950883,0.62137158,0.45503794,0.65505272,0.63961949,0.81258124,0.72017704,0.25694696,0.23527985,0.62481261,0.99429429,0.58057064,0.09180306,0.75580799,0.04948163,0.83673478,0.31535996,0.26175932,0.72218527,0.38801291,0.71410503,0.64099678,0.81145146,0.68066981,0.20900738,0.32057608,0.44582441,0.60195975,0.50977003,0.30782717,0.41620349,0.71431111,0.64367680,0.21756047,0.21586040,0.09356517,0.65289072,0.72697345,0.89902155,0.82893820,0.13527208,0.20465505,0.48359654,0.94822013,0.69064715,0.04173759,0.34147324,0.86668642,0.08602039,0.36855939,0.53396298,0.77412555,0.78977782,0.81800447,0.69697046,0.10003976,0.48287538,0.47645736,0.17873529,0.37924573,0.69045376,0.46270699,0.54003248,0.41954031,0.04091089,0.49594783,0.15099955,0.79061804,0.60319828,0.32337432,0.58032027,0.81559913,0.44041074,0.43470402,0.01527366,0.10707572,0.86288271,0.91236334,0.74909713,0.06445609,0.32621441,0.04839868,0.43641059,0.15051462,0.79151041,0.60296087,0.28362968,0.49263605,0.81321113,0.25903455,0.86099330,0.37076233,0.67858850,0.09479099,0.80910111,0.45277691,0.67033638,0.88619578,0.97975995,0.63264967,0.35962212,0.25864266]"
64,"[0.08757986,0.22285094,0.42750499,0.91110053,0.85931966,0.54996581,0.59170241,0.93317464,0.79986006,0.88587945,0.25443784,0.78839982,0.56252437,0.35230119,0.17030466,0.86727412,0.96731288,0.45018726,0.92664361,0.10537790,0.48462263,0.17507539,0.63778138,0.17781286,0.59735217,0.63826206,0.13420889,0.28520744,0.07582448,0.67902176,0.00239508,0.58271436,0.39831248,0.83872222,0.27342524,0.28869790,0.39577262,0.25865433,0.17101667,0.92011280,0.98456789,0.31078129,0.35917898,0.79558857,0.94610219,0.73761160,0.34057147,0.62420014,0.11683520,0.93004533,0.18907888,0.05007117,0.42083250,0.09942000,0.19421000,0.00331010,0.45608601,0.12642139,0.01261617,0.99237511,0.62502378,0.98464490,0.24328656,0.33086543,0.55371537,0.98121936,0.89231889,0.75163755,0.30160237,0.89330377,0.82647742,0.62633648,0.51221493,0.76665177,0.55505059,0.11757396,0.46987416,0.64017782,0.50745094,0.47476282,0.92494908,0.85159169,0.95696859,0.44159021,0.61666460,0.25444498,0.43225684,0.02960801,0.66786906,0.80207695,0.08728339,0.16310687,0.84212763,0.84452171,0.42723507,0.82554655,0.66426777,0.93769201,0.22638891,0.62216054,0.88081387,0.05182954,0.97194134,0.95650822,0.26728852,0.62646650,0.42205407,0.36815526,0.10576586,0.44633633,0.07053547,0.18736967,0.11741400,0.30649188,0.35656205,0.77739355,0.87681256,0.07102155,0.07433065,0.53041566,0.65683605,0.66945122,0.66182533,0.28684812,0.27149201,0.51477758,0.84564200,0.39935637]"
65,"[0.38057473,0.27289262,0.02452917,0.32613054,0.21943331,0.04590973,0.67224520,0.18445914,0.95110991,0.50615950,0.62373247,0.09360563,0.73378245,0.24123239,0.71599422,0.64094229,0.49253298,0.44950057,0.89108978,0.50775339,0.76219736,0.19445320,0.22406021,0.89192827,0.69400422,0.78128661,0.94439248,0.78651911,0.63103983,0.05827389,0.88381945,0.54808622,0.48577723,0.71216515,0.33432468,0.21513755,0.26696609,0.23890643,0.19541366,0.46270117,0.08916667,0.51121974,0.87937400,0.98513886,0.43147419,0.50200866,0.68937733,0.80679033,0.11328121,0.46984226,0.24723481,0.12404637,0.19506693,0.26939658,0.79981125,0.45664630,0.12609652,0.78792085,0.07476797,0.34625898,0.86103556,0.70667656,0.10603193,0.48660566,0.75949728,0.78402545,0.11015498,0.32958730,0.37549602,0.04774023,0.23219836,0.18330727,0.68946578,0.31319725,0.40680187,0.14058332,0.38181471,0.09780793,0.73874922,0.23128121,0.68078077,0.57186956,0.07962194,0.84181831,0.03627051,0.26032972,0.15225700,0.84626022,0.62754583,0.57193731,0.35845542,0.98949425,0.04776714,0.93158559,0.47967080,0.96544704,0.67761118,0.01193487,0.22707142,0.49403651,0.73294194,0.92835460,0.39105477,0.48022044,0.99143918,0.87081218,0.85595005,0.28742324,0.78943090,0.47880723,0.28559656,0.39887677,0.86871803,0.11595185,0.23999722,0.43506315,0.70445873,0.50426897,0.96091427,0.08700979,0.87492964,0.94969660,0.29595458,0.15698914,0.86366471,0.96969564,0.45630030,0.21579658]"
66,"[0.99982102,0.10997501,0.43956130,0.81505633,0.86279555,0.09499292,0.27829919,0.96776397,0.28096022,0.68776109,0.82834341,0.21015712,0.30796405,0.04671228,0.27799248,0.95877226,0.53064082,0.61026176,0.45207907,0.48834858,0.74867730,0.90093330,0.74719252,0.37473734,0.94667365,0.30512807,0.29462132,0.34238746,0.27397205,0.75364185,0.71908789,0.39669807,0.40863194,0.63570236,0.12973787,0.86267881,0.79103241,0.18208619,0.66230563,0.65374381,0.52455499,0.38050404,0.66792628,0.45735617,0.93616241,0.22175797,0.62063374,0.48935078,0.60530162,0.84529785,0.28035999,0.98481772,0.48908570,0.44999897,0.53700776,0.41193640,0.36163200,0.65758558,0.81457373,0.67823743,0.64793207,0.10423137,0.32002695,0.31984697,0.42982098,0.86938128,0.68443660,0.54723116,0.64222308,0.92052127,0.88828424,0.16924346,0.85700355,0.68534596,0.89550209,0.20346514,0.25017642,0.52816790,0.48693916,0.01757897,0.62783973,0.07991780,0.56826538,0.31694168,0.21787398,0.96506549,0.33980184,0.28647449,0.59160156,0.88622188,0.22860834,0.50257939,0.25622024,0.97530712,0.37200419,0.78063513,0.41633649,0.54607336,0.40875117,0.19978258,0.38186777,0.04417240,0.69791521,0.22246920,0.60297224,0.27089752,0.72825269,0.66441410,0.88617107,0.50680381,0.99615359,0.60145422,0.44675106,0.72711005,0.71192678,0.20101147,0.65100944,0.18801620,0.59995159,0.96158259,0.61916718,0.43373990,0.11197634,0.75990741,0.86413778,0.18416373,0.50400970,0.93382967]"
67,"[0.80320995,0.48764555,0.03487571,0.67709779,0.59761806,0.48590131,0.65514377,0.51214632,0.19749128,0.09299236,0.29645650,0.54663192,0.07479882,0.56173697,0.57931494,0.20715368,0.28707047,0.85533485,0.17227553,0.39014851,0.35521300,0.69501384,0.98148733,0.57308789,0.45930877,0.68791611,0.19049450,0.44671373,0.42201985,0.79402305,0.57465718,0.99099267,0.53706502,0.94581519,0.14559677,0.52746354,0.57163494,0.26954915,0.49201735,0.09498860,0.36588511,0.09413681,0.75854991,0.64471998,0.15152279,0.14767538,0.74912860,0.19587866,0.92298771,0.63491349,0.83592396,0.48693241,0.67494761,0.27489820,0.23647979,0.85564597,0.28938487,0.40136021,0.16126662,0.02540340,0.20956613,0.71357483,0.64740350,0.45061245,0.93825701,0.97313172,0.65022851,0.24784557,0.73374588,0.38888864,0.90103396,0.09852424,0.19151560,0.48797110,0.03460202,0.10939984,0.67113581,0.25044975,0.45760243,0.74467190,0.60000575,0.77228029,0.16242780,0.51763980,0.21265263,0.19413896,0.76722585,0.22653362,0.91444873,0.10494222,0.55165496,0.97367381,0.76769586,0.34235203,0.33334370,0.87040772,0.81622191,0.96181768,0.48928023,0.06091416,0.33046231,0.82247866,0.91746626,0.28335038,0.37748618,0.13603509,0.78075407,0.93227586,0.07995024,0.82907784,0.02495550,0.94794221,0.58285470,0.41877767,0.90570908,0.58065568,0.85555288,0.09203167,0.94767664,0.23706051,0.63841972,0.79968535,0.82508775,0.03465288,0.74822671,0.39562921,0.84624066,0.78449667]"
68,"[0.75762739,0.40785490,0.65569947,0.38944435,0.77833200,0.67936496,0.77788819,0.96940279,0.45737290,0.49197392,0.60137275,0.27250756,0.52295632,0.98055775,0.72522865,0.32523340,0.09751269,0.25993948,0.77757828,0.99022991,0.18436787,0.95159272,0.17812533,0.09257306,0.19751428,0.74916824,0.72284104,0.49053590,0.83288693,0.16622963,0.03663635,0.85285726,0.81467394,0.30395316,0.36486633,0.69532764,0.51780531,0.43527057,0.71861994,0.09610512,0.23213922,0.01289229,0.94516715,0.02511639,0.85419323,0.87914773,0.82708895,0.40994265,0.82871932,0.73442740,0.31508208,0.17063396,0.26266463,0.21034027,0.44739978,0.08581850,0.88550285,0.71058960,0.74524148,0.49346720,0.88909541,0.73533507,0.51983074,0.27745713,0.68531103,0.34100950,0.73045286,0.50878385,0.18814781,0.96603500,0.93543680,0.39280869,0.88478161,0.48615336,0.75865993,0.28161524,0.26217199,0.98739964,0.31263204,0.41014373,0.67008221,0.44765949,0.43788840,0.62225527,0.57384699,0.75197132,0.84454337,0.04205665,0.79122389,0.51406393,0.00459883,0.83748477,0.00371339,0.04034874,0.89320499,0.70787793,0.01183010,0.37669543,0.07202207,0.58982637,0.02509594,0.74371488,0.83981900,0.07195722,0.08484850,0.03001465,0.05513004,0.90932228,0.78846901,0.61555696,0.02549861,0.85421693,0.58864333,0.90372441,0.07435737,0.33702100,0.54736027,0.99475905,0.08057655,0.96607840,0.67666700,0.42190748,0.91537368,0.80446809,0.53980216,0.05963191,0.33708804,0.02239807]"
69,"[0.36340657,0.09385843,0.60264128,0.79078809,0.75682209,0.69225789,0.08506558,0.96984619,0.45599855,0.21465748,0.49627172,0.75844271,0.74584134,0.05847238,0.46861511,0.13869632,0.58635481,0.02424221,0.64649648,0.22034246,0.97231278,0.81685515,0.85891081,0.65013370,0.16419663,0.16879446,0.00627823,0.00999062,0.05033836,0.94354235,0.65141929,0.66324838,0.03994281,0.11196388,0.70178925,0.72688418,0.47059806,0.31041607,0.38237228,0.46721979,0.49723344,0.55236248,0.46168375,0.25015176,0.86570772,0.89120533,0.74542126,0.33406359,0.23778700,0.31214337,0.64916337,0.19652264,0.19128069,0.27185624,0.23793364,0.91459964,0.33650612,0.25187880,0.05634589,0.59614705,0.65577796,0.99286500,0.01526207,0.37866764,0.47252507,0.07516535,0.86595243,0.62277352,0.31503041,0.40009499,0.36994018,0.82593773,0.04059421,0.53686494,0.29530665,0.04114699,0.09961837,0.56823248,0.70692779,0.29328160,0.31752281,0.96401828,0.18435975,0.15667153,0.97352568,0.83243549,0.48256818,0.64676382,0.81555728,0.82183451,0.83182413,0.88216149,0.82570285,0.47712113,0.14036852,0.18031033,0.29227320,0.99406145,0.72094464,0.19154170,0.50195677,0.88432805,0.35154684,0.84877927,0.40114075,0.86282351,0.11297427,0.97868099,0.86988532,0.61530558,0.94936818,0.18715418,0.49929656,0.14845893,0.34498057,0.53626026,0.80811549,0.04604813,0.96064677,0.29715189,0.54902970,0.60537459,0.20152064,0.85729760,0.85016160,0.86542266,0.24408930,0.71661337]"
70,"[0.79177772,0.65772915,0.28050167,0.59553108,0.99562507,0.36556425,0.19150098,0.23209420,0.76895813,0.06426378,0.10540977,0.20502714,0.77325862,0.48018541,0.77346601,0.09098781,0.05500510,0.23936384,0.39603437,0.36955905,0.20199354,0.68456073,0.33132354,0.14687982,0.96871333,0.80053646,0.68269695,0.50839880,0.98551893,0.12588645,0.30619577,0.59846798,0.59252843,0.31347207,0.50501277,0.00696853,0.89129558,0.24284142,0.09161969,0.49275944,0.35558195,0.46855522,0.44723521,0.31711953,0.93242412,0.88179130,0.06894448,0.56824004,0.71669797,0.06167754,0.59793680,0.40605129,0.45209842,0.41274419,0.70989508,0.25892378,0.86429737,0.06581701,0.92311361,0.77327421,0.63869587,0.88278417,0.59939654,0.39117326,0.04890141,0.32940208,0.92493217,0.92055624,0.28611949,0.47761947,0.70971267,0.47866981,0.54293258,0.64834135,0.85336749,0.62662511,0.10680952,0.88027453,0.97126134,0.02626544,0.26562829,0.66166166,0.03121971,0.23321225,0.91777197,0.24909451,0.39597333,0.36468566,0.16522112,0.84791707,0.35631487,0.34183280,0.46771824,0.77391302,0.37238000,0.96490743,0.27837849,0.78339026,0.79035779,0.68165237,0.92449278,0.01611147,0.50886992,0.86445087,0.33300509,0.78023930,0.09735783,0.02978095,0.91157124,0.98051472,0.54875376,0.26545073,0.32712727,0.92506307,0.33111336,0.78321078,0.19595397,0.90584806,0.16477084,0.02906720,0.09488321,0.01799582,0.79126903,0.42996389,0.31274706,0.91214260,0.30331486,0.35221527]"
71,"[0.68161635,0.60654752,0.52710276,0.81322125,0.29083972,0.00055139,0.47922020,0.02215178,0.67049214,0.52385863,0.15048274,0.25729126,0.13756479,0.10882513,0.13508957,0.40071686,0.06237751,0.09359622,0.32680747,0.24457844,0.49367196,0.88964429,0.25432895,0.41954907,0.26746514,0.62377901,0.96561080,0.43332805,0.20724007,0.57961906,0.54452549,0.82290299,0.60629224,0.39664903,0.07830040,0.00279218,0.01890266,0.52777157,0.39222144,0.72522553,0.50546383,0.60282066,0.63260060,0.54417084,0.52468457,0.07343733,0.33888706,0.66601333,0.59107540,0.92218776,0.70539754,0.90135051,0.80719757,0.97196740,0.00103361,0.09591582,0.11391064,0.90517866,0.33514156,0.64788762,0.56002922,0.86334309,0.21555736,0.89717271,0.50371923,0.03082098,0.84404123,0.13487995,0.13543035,0.61464955,0.63680033,0.30729147,0.83114909,0.98163083,0.23892109,0.37648488,0.48530901,0.62039758,0.02111344,0.08348995,0.17708517,0.50389164,0.74846908,0.24214004,0.13178333,0.38611128,0.80565935,0.07312349,0.69690149,0.66251130,0.09583835,0.30307741,0.88269548,0.42721997,0.25012196,0.85641320,0.25306123,0.33136063,0.33415182,0.35305348,0.88082405,0.27304449,0.99826902,0.50373185,0.10655150,0.73915110,0.28332095,0.80800451,0.88144084,0.22032690,0.88633923,0.47741364,0.39960040,0.10499694,0.00634645,0.81354302,0.78550942,0.78654203,0.88245685,0.99636649,0.90154415,0.23668470,0.88457132,0.44459955,0.30794163,0.52349799,0.42066970,0.92438792]"
72,"[0.95520791,0.79924814,0.93412709,0.06955643,0.68420498,0.32100431,0.62829477,0.45944287,0.44107270,0.67999279,0.05647666,0.54178467,0.16218125,0.18329368,0.26678263,0.44386680,0.94775744,0.69622552,0.93836456,0.07014688,0.45625716,0.26191551,0.33503799,0.03193849,0.69444879,0.79028614,0.09336255,0.97605703,0.40327600,0.65339696,0.50980916,0.76286939,0.09422903,0.42837985,0.78143232,0.66225537,0.93529887,0.93356689,0.43729773,0.54384824,0.28299834,0.56631828,0.37432180,0.25576164,0.47608754,0.36242577,0.83983841,0.23943780,0.34443374,0.35077919,0.16432121,0.94982963,0.73637066,0.61882651,0.61519199,0.51673514,0.75341885,0.63798917,0.08258772,0.39052835,0.91402534,0.33469403,0.25908095,0.21428786,0.01353500,0.94766108,0.01721652,0.70142049,0.02242380,0.65071757,0.11015944,0.55123114,0.23122292,0.28769859,0.82948226,0.99166250,0.17495519,0.44173682,0.88560262,0.83335907,0.52958359,0.46794715,0.53809303,0.99434919,0.25626370,0.59130069,0.62323818,0.31768597,0.10797111,0.20133265,0.17738868,0.58066368,0.23405964,0.74386779,0.50673619,0.60096421,0.02934306,0.81077438,0.47302875,0.40832662,0.34189251,0.77918924,0.32303648,0.60603381,0.17235110,0.54667189,0.80243253,0.27851907,0.64094384,0.48078124,0.72021805,0.06465079,0.41542898,0.57974919,0.52957782,0.26594748,0.88477299,0.49996398,0.01669813,0.77011597,0.40810414,0.49069086,0.88121821,0.79524255,0.12993558,0.38901553,0.60330239,0.61683639]"
73,"[0.56449647,0.58171199,0.28313148,0.30555428,0.95627085,0.06642929,0.61765943,0.84888135,0.13657894,0.96606019,0.95772170,0.13267588,0.57441170,0.46001333,0.29337139,0.82295398,0.29090013,0.82899216,0.82334035,0.07960305,0.67090274,0.29413992,0.61182489,0.71979500,0.92112665,0.09851434,0.67917702,0.91323565,0.65710245,0.16383763,0.76480084,0.79414290,0.60491628,0.07794403,0.48626966,0.82816116,0.60734940,0.93038488,0.53641769,0.70876779,0.25543869,0.05787022,0.33638828,0.97733112,0.45811137,0.17832841,0.24297820,0.65840618,0.23815437,0.76773119,0.03367767,0.91844966,0.41841265,0.43510978,0.20522475,0.61332789,0.10401775,0.98523496,0.78047651,0.91041109,0.29942563,0.90272702,0.51956241,0.08405788,0.66576887,0.94889935,0.25445263,0.21072249,0.27715078,0.89480921,0.74368956,0.88026750,0.84632669,0.80404738,0.93672227,0.51113297,0.97114530,0.26451569,0.08746867,0.37836779,0.20735895,0.03069830,0.11030034,0.78120208,0.07534101,0.68716490,0.40695890,0.32808455,0.42659789,0.10577391,0.01900856,0.67611001,0.83994664,0.60474648,0.39888839,0.00380367,0.08174670,0.56801536,0.39617552,0.00352392,0.93390780,0.47032450,0.17909129,0.43452898,0.49239819,0.82878548,0.80611560,0.26422597,0.44255338,0.68553058,0.34393576,0.58208913,0.34981933,0.38349600,0.30194466,0.72035631,0.15546509,0.36068884,0.97401573,0.07803248,0.06326645,0.84374196,0.75415205,0.05357668,0.95630270,0.47586411,0.55992099,0.22568886]"
74,"[0.17458721,0.42903885,0.63976034,0.91691012,0.81171833,0.55540689,0.43567339,0.28199907,0.08604546,0.02276673,0.53389870,0.50504299,0.76955768,0.85702535,0.23539214,0.44275009,0.47344739,0.58374673,0.36494781,0.44028782,0.12745172,0.53440962,0.86249317,0.28909006,0.39486297,0.41387053,0.08997954,0.92992518,0.53467066,0.93355805,0.93736072,0.01910642,0.58712078,0.98329530,0.98681822,0.92072502,0.39104852,0.57013881,0.00466678,0.49706398,0.32584845,0.13196305,0.39618802,0.83874040,0.52426998,0.86820475,0.45029288,0.80011121,0.18360621,0.48554987,0.20590518,0.36136927,0.72205710,0.69607183,0.77410331,0.83736876,0.68110972,0.43526077,0.48883644,0.44513814,0.92100125,0.48092124,0.70660910,0.88119531,0.31023316,0.94999249,0.86690161,0.67861894,0.23402482,0.66969721,0.95169528,0.03773974,0.06050547,0.59440317,0.09944516,0.86900184,0.72602619,0.96141734,0.40416643,0.87761282,0.46135855,0.82630536,0.26659218,0.39404290,0.92845152,0.79094369,0.08003276,0.47489473,0.88876426,0.97874280,0.90866698,0.44333665,0.37689370,0.31425341,0.33335883,0.92047861,0.90377291,0.89059013,0.81131416,0.20236167,0.77249948,0.77716527,0.27422824,0.60007570,0.73203775,0.12822477,0.96696417,0.49123315,0.35943690,0.80972878,0.60983899,0.79344420,0.27899306,0.48489724,0.84626551,0.56832162,0.26439245,0.03849476,0.87586252,0.55697124,0.99223101,0.48106645,0.92620359,0.84720384,0.32812408,0.03473218,0.91592649,0.22615865]"
75,"[0.17615014,0.04305075,0.72166869,0.95569251,0.62538872,0.57708301,0.61482175,0.67532622,0.26972838,0.36917254,0.23817338,0.96419858,0.92561491,0.32978034,0.20739216,0.66874971,0.49505407,0.76164525,0.15568715,0.08413767,0.87508037,0.95511213,0.43000586,0.31876912,0.29751092,0.20617691,0.64951255,0.02640525,0.34065767,0.67401550,0.59449311,0.49826502,0.38885415,0.20016731,0.40252798,0.17502647,0.95219073,0.22641798,0.82649268,0.55852943,0.68675320,0.65371637,0.14494852,0.50438442,0.31411220,0.92395019,0.71739339,0.99638545,0.48128170,0.32754621,0.89586683,0.16025827,0.19875204,0.07461356,0.63158380,0.62381381,0.10487926,0.03108186,0.87828470,0.20640778,0.24113895,0.15706444,0.38322209,0.55937123,0.60242099,0.32408868,0.27978019,0.90516791,0.48224992,0.09707067,0.77239589,0.04212327,0.41129481,0.64946720,0.61366477,0.53927869,0.86905803,0.07644919,0.74519790,0.24025098,0.00189523,0.15758139,0.24171806,0.11679743,0.07190856,0.50191341,0.82068153,0.11819146,0.32436736,0.97387892,0.00028317,0.34093983,0.01495433,0.60944644,0.10771047,0.49656362,0.69672993,0.09925691,0.27428238,0.22647211,0.45288909,0.27938077,0.83790919,0.52466139,0.17837676,0.32332428,0.82770770,0.14181890,0.06576809,0.78316048,0.77954493,0.26082563,0.58837084,0.48423666,0.64449394,0.84324498,0.91785754,0.54944034,0.17325315,0.27813141,0.30921227,0.18749596,0.39390274,0.63504069,0.79210413,0.17532522,0.73469546,0.33711545]"
76,"[0.66120313,0.94098232,0.84614923,0.32839815,0.42546782,0.19786271,0.23998497,0.65127879,0.30074498,0.91440875,0.45368644,0.32274347,0.39919167,0.14438857,0.38463855,0.38653278,0.54411316,0.78583023,0.90262665,0.97453421,0.47644662,0.29712716,0.41531761,0.73968398,0.71356189,0.71384406,0.05478289,0.06973622,0.67918167,0.78689113,0.28345375,0.98018268,0.07943860,0.35371997,0.58019109,0.03307918,0.31245895,0.15036714,0.67502753,0.85340329,0.17672656,0.00443326,0.14625116,0.21201826,0.99517774,0.77472167,0.03554630,0.62391614,0.10815180,0.75264474,0.59588872,0.51374525,0.06318459,0.23643674,0.51456715,0.82377841,0.01127338,0.40517511,0.04021480,0.83231793,0.00764216,0.74233662,0.07945106,0.74065319,0.68163450,0.52778274,0.85617989,0.28164671,0.47950841,0.71949239,0.37077017,0.67151416,0.58592191,0.03960735,0.36234983,0.76154049,0.90592806,0.29056561,0.67709739,0.22120955,0.00703878,0.90966443,0.88419764,0.36064327,0.65776942,0.07308604,0.81276901,0.52632991,0.24017296,0.29495485,0.36469008,0.04387074,0.83076088,0.11421363,0.09439531,0.17383291,0.52755188,0.10774197,0.14082015,0.45327810,0.60364424,0.27867077,0.13207305,0.30879862,0.31323088,0.45948104,0.67149830,0.66667503,0.44139571,0.47694101,0.10085615,0.20900695,0.96165069,0.55753841,0.07128266,0.13446625,0.37090198,0.88546813,0.70924554,0.72051792,0.12569203,0.16590584,0.99822277,0.00586393,0.74819954,0.82764961,0.56830179,0.24993530]"
77,"[0.77771703,0.63389592,0.91554163,0.39504904,0.11454043,0.48530961,0.15682276,0.74274367,0.78235003,0.14469885,0.90623834,0.81216541,0.10273002,0.77982641,0.00103496,0.00807274,0.91773618,0.80193282,0.16257509,0.82034351,0.89342855,0.70619656,0.23252547,0.47269743,0.76765129,0.13234036,0.17621010,0.00696998,0.12118261,0.21557692,0.38940883,0.91695972,0.02470069,0.16551984,0.61879694,0.22244018,0.50110995,0.63318200,0.94197962,0.25520949,0.71468954,0.38618683,0.05286087,0.49425557,0.97119558,0.07205073,0.28105668,0.24270637,0.80024377,0.87152543,0.00599068,0.37689166,0.26235879,0.97160334,0.69212026,0.81781129,0.98371613,0.98193790,0.98780083,0.73599937,0.56364798,0.13194877,0.38188307,0.15959910,0.79349402,0.70903465,0.10408269,0.21862212,0.70393073,0.86075249,0.60349517,0.38584419,0.53054204,0.43677939,0.24894379,0.35167281,0.13149822,0.13253218,0.14060392,0.05833910,0.86027092,0.02284501,0.84318752,0.73661507,0.44281064,0.67533511,0.14803154,0.91568183,0.04802119,0.22423029,0.23119927,0.35238087,0.56795680,0.95736463,0.87432334,0.89902303,0.06454187,0.68333781,0.90577699,0.40688594,0.04006694,0.98204555,0.23725405,0.95194258,0.33812841,0.39098828,0.88524285,0.85643743,0.92848716,0.20954284,0.45224821,0.25249098,0.12401541,0.13000509,0.50689575,0.76925355,0.74085588,0.43297514,0.25078543,0.23450056,0.21643746,0.20423728,0.94023565,0.50388263,0.63583040,0.01771246,0.17731056,0.97080358]"
78,"[0.67983723,0.78391892,0.00254005,0.70646978,0.56722127,0.17071544,0.55655863,0.08709968,0.52387806,0.77282086,0.12449267,0.25598989,0.38852108,0.52912400,0.58746210,0.44773202,0.47057603,0.31376256,0.05037663,0.49318627,0.16852038,0.31655092,0.23223174,0.28025193,0.50448122,0.73567948,0.08805936,0.65601515,0.61337878,0.48770113,0.38672316,0.45126403,0.13460085,0.04037684,0.44726178,0.48732771,0.46937226,0.70662531,0.65856689,0.99669430,0.38768158,0.27292344,0.12935987,0.05784603,0.26738787,0.71963508,0.97212506,0.09613948,0.22614357,0.73303832,0.50229087,0.24314575,0.67611989,0.92690433,0.16140389,0.37784034,0.58207663,0.52231128,0.02619291,0.66202230,0.67973377,0.85704333,0.82784591,0.50768214,0.29160007,0.29413911,0.00060789,0.56782817,0.73854261,0.29510024,0.38219892,0.90607598,0.67889584,0.80338751,0.05937640,0.44789648,0.97701948,0.56448058,0.01221161,0.48278664,0.79654820,0.84692383,0.34010910,0.50862848,0.82517840,0.05740914,0.33766007,0.84214029,0.57781877,0.66587713,0.32189129,0.93526907,0.42296919,0.80969136,0.26095439,0.39555424,0.43593008,0.88319085,0.37051756,0.83988883,0.54651314,0.20507903,0.20177233,0.58945291,0.86237535,0.99173422,0.04957926,0.31696613,0.03660021,0.00872427,0.10486275,0.33100532,0.06404264,0.56633250,0.80947726,0.48559615,0.41249947,0.57390236,0.95174171,0.53381733,0.05612761,0.08231952,0.74434083,0.42407359,0.28111592,0.10896083,0.61664197,0.90824104]"
79,"[0.20237915,0.20298605,0.77081321,0.50935482,0.80445406,0.18665198,0.09272696,0.77162180,0.57500831,0.63438372,0.08227920,0.05929768,0.62377726,0.63598787,0.11877351,0.91532071,0.76224355,0.10235165,0.61097913,0.43615653,0.49356467,0.83122374,0.67336302,0.25118080,0.91705693,0.23894721,0.17421528,0.59718348,0.40687383,0.66782722,0.06338046,0.49930954,0.38249939,0.75301595,0.59290378,0.13941591,0.34449394,0.54626527,0.13571718,0.99809154,0.98982476,0.03940301,0.35636814,0.39296735,0.40169063,0.50655238,0.83755669,0.90159833,0.46792983,0.27740609,0.76300124,0.17549971,0.74940107,0.70114178,0.23495811,0.29108472,0.37340324,0.11774307,0.54181566,0.82293058,0.93189041,0.54853138,0.45677142,0.65914957,0.86213461,0.63294683,0.14230065,0.94675371,0.13340469,0.22613065,0.99775145,0.57275876,0.20714147,0.28941967,0.34871635,0.97249261,0.60847949,0.72725200,0.64257172,0.40481426,0.50716491,0.11814304,0.55429857,0.04786223,0.87908497,0.55244699,0.80362679,0.72068272,0.95962893,0.13384321,0.73102569,0.13789852,0.80572474,0.86910419,0.36841273,0.75091112,0.50392607,0.09682885,0.23624376,0.58073670,0.12700097,0.26271716,0.26080769,0.25063145,0.29003347,0.64640061,0.03936696,0.44105659,0.94760797,0.78516366,0.68676099,0.15468982,0.43209491,0.19509514,0.37059385,0.11999392,0.82113470,0.05609181,0.34717553,0.72057777,0.83831983,0.38013449,0.20306407,0.13495348,0.68348386,0.14025427,0.79940284,0.66153645]"
80,"[0.29448228,0.43678192,0.38353463,0.51693832,0.74306796,0.74081841,0.31357617,0.52071664,0.81013532,0.15885067,0.13134228,0.73982077,0.46707177,0.10964248,0.51445575,0.02161966,0.13976169,0.69405926,0.74192049,0.62100446,0.17345045,0.97707625,0.69775796,0.65738589,0.79122810,0.52225279,0.66015031,0.46587404,0.33497724,0.70338896,0.45429908,0.95822415,0.05505199,0.29129475,0.87203046,0.99903043,0.26174659,0.52255328,0.77318373,0.06321620,0.70961581,0.74898177,0.19003736,0.13764432,0.92280698,0.60956697,0.76425579,0.19634969,0.39144383,0.76203669,0.88202961,0.70316331,0.75925411,0.10642864,0.82700541,0.66532424,0.04545773,0.24852080,0.38347328,0.06695614,0.20720941,0.00661125,0.66814670,0.96262798,0.39940890,0.78294253,0.29987985,0.04294682,0.78376423,0.09733940,0.61805504,0.42818936,0.58703902,0.71838031,0.45820007,0.92527084,0.03491233,0.54936707,0.57098573,0.71074642,0.40480468,0.14672417,0.76772763,0.94117709,0.91825233,0.61600930,0.27339419,0.06462129,0.58687309,0.24702239,0.71289544,0.04787167,0.75125964,0.20555771,0.16378086,0.21883186,0.51012561,0.38215507,0.38118450,0.64293008,0.16548236,0.93866509,0.00188029,0.71149509,0.46047586,0.65051222,0.78815554,0.71096153,0.32052749,0.08478228,0.28113097,0.67257380,0.43460949,0.31663810,0.01980040,0.77905352,0.88548116,0.71248557,0.37780881,0.42326554,0.67178534,0.05525762,0.12221276,0.32942117,0.33603142,0.00417712,0.96680410,0.36621200]"
81,"[0.14915354,0.44903239,0.49197820,0.27574143,0.37307983,0.99113387,0.41932222,0.00636024,0.72473955,0.18293862,0.10820847,0.14311979,0.69248587,0.26347060,0.97421602,0.37901970,0.52574287,0.29346951,0.23464560,0.15289693,0.76890522,0.04229841,0.10691871,0.69379079,0.94081219,0.65370662,0.70157729,0.45283593,0.65839264,0.82217250,0.04100336,0.55112797,0.93328204,0.31446554,0.95739462,0.12287598,0.06154007,0.06341936,0.77491345,0.23538832,0.88589954,0.67405408,0.38501461,0.70554110,0.79032238,0.07145235,0.74402515,0.17863364,0.49527074,0.51507014,0.29412266,0.17960282,0.89208738,0.26989519,0.69315973,0.36494407,0.42020070,0.54241245,0.87183262,0.20786304,0.21203916,0.17884226,0.54505327,0.69420581,0.14323719,0.63521440,0.91095483,0.28403366,0.27516652,0.69448774,0.70084699,0.42558554,0.60852316,0.71673063,0.85984942,0.55233429,0.81580389,0.79001890,0.16903760,0.69477948,0.98824798,0.22289258,0.37578851,0.14469273,0.18699014,0.29390785,0.98769764,0.92850883,0.58221445,0.28379074,0.73662567,0.39501731,0.21718881,0.25819117,0.80931814,0.74259918,0.05706371,0.01445733,0.13733231,0.19887138,0.26228974,0.03720220,0.27258951,0.15848805,0.83254113,0.21755474,0.92309484,0.71341621,0.78486756,0.52889171,0.70752435,0.20279408,0.71786323,0.01198488,0.19158670,0.08367308,0.35356727,0.04672600,0.41166908,0.83186877,0.37428023,0.24611185,0.45397389,0.66601205,0.84485332,0.38990559,0.08411039,0.22734659]"
82,"[0.86255998,0.77351381,0.05754647,0.33271199,0.02719873,0.72804472,0.15362926,0.76215142,0.47888105,0.33872947,0.89106276,0.70686564,0.49688355,0.66592015,0.36069862,0.34894561,0.57183718,0.94762469,0.09231642,0.27930556,0.57321241,0.56090906,0.48941688,0.07163033,0.35542007,0.09204474,0.48706104,0.70424885,0.96243902,0.77175616,0.51435434,0.57141705,0.58587338,0.72320470,0.92207508,0.18436382,0.22156502,0.49415353,0.65264058,0.48518071,0.70273445,0.62582829,0.33924350,0.12411006,0.65300077,0.36052411,0.56331720,0.28117942,0.29316331,0.48474901,0.56842109,0.92198736,0.96871237,0.38038044,0.21224822,0.58652744,0.83263829,0.28661118,0.95262224,0.79747455,0.18737914,0.27148853,0.49883412,0.36139311,0.13490592,0.19245139,0.52516238,0.55236011,0.28040382,0.43403208,0.19618250,0.67506254,0.01379101,0.90485277,0.61171741,0.10859996,0.77451911,0.13521673,0.48416133,0.05599752,0.00362121,0.09593663,0.37524119,0.94845260,0.50936066,0.99877654,0.07040587,0.42582494,0.51786868,0.00492872,0.70917657,0.67161459,0.44336976,0.95772310,0.52913915,0.11501153,0.83821523,0.76028931,0.94465213,0.16621615,0.66036868,0.31300826,0.79818797,0.50092142,0.12674870,0.46599120,0.59010026,0.24310003,0.60362314,0.16693934,0.44811776,0.74128007,0.22602807,0.79444816,0.71643452,0.68514589,0.06552533,0.27777254,0.86429899,0.69693628,0.98354646,0.93616769,0.73364125,0.92101939,0.19250692,0.69134004,0.05273215,0.18763707]"
83,"[0.38008746,0.90524883,0.45760794,0.73801076,0.17204184,0.36822334,0.04328488,0.05707489,0.96192666,0.57364307,0.68224203,0.45676014,0.59197586,0.07613620,0.13213271,0.13575292,0.23168855,0.60692873,0.55538034,0.06473999,0.06351553,0.13392040,0.55974435,0.07761202,0.08253974,0.79171532,0.46332891,0.90669767,0.86441976,0.39355791,0.50856845,0.34678268,0.10707098,0.05172211,0.21793726,0.87830493,0.19131219,0.98949916,0.49041958,0.61716728,0.08315749,0.67325675,0.91635577,0.51997791,0.68691625,0.13503300,0.87631207,0.10233914,0.89678630,0.61321982,0.29836470,0.36388903,0.64166058,0.50595856,0.20289384,0.18643929,0.12260599,0.85624623,0.77726462,0.96977055,0.66110959,0.71384074,0.90147681,0.28156327,0.18681110,0.64441803,0.38242779,0.55446864,0.92269097,0.96597486,0.02304875,0.98497441,0.55861648,0.24085751,0.69761665,0.28959151,0.36572671,0.49785842,0.63361034,0.86529789,0.47222562,0.02760496,0.09234395,0.15585848,0.28977788,0.84952123,0.92713226,0.00967100,0.80138532,0.26471323,0.17140990,0.03582866,0.42938558,0.93795302,0.28473470,0.39180468,0.44352579,0.66146205,0.53976598,0.73107718,0.72057534,0.21099392,0.82816020,0.91131669,0.58457243,0.50092720,0.02090411,0.70781936,0.84285136,0.71916243,0.82150057,0.71828587,0.33150469,0.62986839,0.99375642,0.63541600,0.14137356,0.34426639,0.53070469,0.65330967,0.50955491,0.28681853,0.25658808,0.91769667,0.63153641,0.53301222,0.81457449,0.00138458]"
84,"[0.64580161,0.02822841,0.58269604,0.50538602,0.47135987,0.49440762,0.47938103,0.03799651,0.27885303,0.97646868,0.26605919,0.63178490,0.12964232,0.76325166,0.62854854,0.10077316,0.12837712,0.22072007,0.37657755,0.66635443,0.51587466,0.44300592,0.45267592,0.25406024,0.51877247,0.69018137,0.72600904,0.15539361,0.09334564,0.37807934,0.76988302,0.21340781,0.87486887,0.41463385,0.14571002,0.86628436,0.07727728,0.90543648,0.81675217,0.40132360,0.90224980,0.92315292,0.63097127,0.47382164,0.19298307,0.01448264,0.73276751,0.06427119,0.69413858,0.68789400,0.32330900,0.46468156,0.80894695,0.33965064,0.99295931,0.50251322,0.78933075,0.04591783,0.96361350,0.59514891,0.12816013,0.94273362,0.94411720,0.58991781,0.61814522,0.20084026,0.70622528,0.17758415,0.67199078,0.15137081,0.18936632,0.46821835,0.44468602,0.71074421,0.34252811,0.47216942,0.23542008,0.86396763,0.96473979,0.09311591,0.31383498,0.69041153,0.35676496,0.87263863,0.31564354,0.76831847,0.02237770,0.54114917,0.23132955,0.95733758,0.11273019,0.20607483,0.58415317,0.35403519,0.56744200,0.44230987,0.85694272,0.00265174,0.86893510,0.94621138,0.85164686,0.66839803,0.06972063,0.97196943,0.89512135,0.52609162,0.99991225,0.19289432,0.20737596,0.94014247,0.00441266,0.69855024,0.38644324,0.70975124,0.17443180,0.98337775,0.32302738,0.31598569,0.81849791,0.60782766,0.65374449,0.61735699,0.21250490,0.34066403,0.28339665,0.22751285,0.81742967,0.43557389]"
85,"[0.63641315,0.34263743,0.52022059,0.19221036,0.34358017,0.53294549,0.00116283,0.44584786,0.15659107,0.49911817,0.97128660,0.20670568,0.07067231,0.03541110,0.12852602,0.44236000,0.13277053,0.48953449,0.36217211,0.67781466,0.44613212,0.46850883,0.00965700,0.24098555,0.19832213,0.31105132,0.51712515,0.10127732,0.45531151,0.02275251,0.46506138,0.32200310,0.32465384,0.19358794,0.13979832,0.99144418,0.65984121,0.72956084,0.70152927,0.59664961,0.12274023,0.12265149,0.31554481,0.52291976,0.46306123,0.46747289,0.16602213,0.55246437,0.26221461,0.43664541,0.42002216,0.74304854,0.05903323,0.87753014,0.48535680,0.13910029,0.75645628,0.96896019,0.30962322,0.59301887,0.82053072,0.63795939,0.07353228,0.70994443,0.05258086,0.57280045,0.76500981,0.10858898,0.64153347,0.64269531,0.08854216,0.24513223,0.74424940,0.71553500,0.92223969,0.99291100,0.02832110,0.15684612,0.59920512,0.73197464,0.22150813,0.58367925,0.26149290,0.70762403,0.17613185,0.18578786,0.42677240,0.62509353,0.93614385,0.45326800,0.55454432,0.00985483,0.03260634,0.49766672,0.81966882,0.14432165,0.33790860,0.47770592,0.46914910,0.12898931,0.85854915,0.56007742,0.15672604,0.27946527,0.40211575,0.71765956,0.24057832,0.70363855,0.17111044,0.33713156,0.88959494,0.15180855,0.58845296,0.00847411,0.75152165,0.81055388,0.68808302,0.17343882,0.31253811,0.06899339,0.03795258,0.34757480,0.94059267,0.76112240,0.39908079,0.47261206,0.18255549,0.23513535]"
86,"[0.80793481,0.57294362,0.68153160,0.32306408,0.96575838,0.05429955,0.29943078,0.04367918,0.75921318,0.68145187,0.67436187,0.70268197,0.85952709,0.45873120,0.19070485,0.41221198,0.99589022,0.25738213,0.96500515,0.14113601,0.32692287,0.75369427,0.37878680,0.31492965,0.76819665,0.32273998,0.33259380,0.36519914,0.86286486,0.68253268,0.82685333,0.16476093,0.64246585,0.11161395,0.24060226,0.09915041,0.65922683,0.81595187,0.09541613,0.49753089,0.21518945,0.45576677,0.15940432,0.33051376,0.66764432,0.55723826,0.70904581,0.29749776,0.30597088,0.05749153,0.86804440,0.55612642,0.72956424,0.04210135,0.11109375,0.14904533,0.49661913,0.43721080,0.19833219,0.59741198,0.07002304,0.25257753,0.48771189,0.29564569,0.86858831,0.55011892,0.87318199,0.83893937,0.89323792,0.19266770,0.23634588,0.99555806,0.67700893,0.35136980,0.05405077,0.91357685,0.37230706,0.56301090,0.97522188,0.97111110,0.22849223,0.19349638,0.33463139,0.66155325,0.41524652,0.79403232,0.10896097,0.87715663,0.19989560,0.53248841,0.89768655,0.76055042,0.44308209,0.26993443,0.43469435,0.07715920,0.18877215,0.42937341,0.52852282,0.18774865,0.00369952,0.09911465,0.59664454,0.81183299,0.26759876,0.42700208,0.75751483,0.42515815,0.98239541,0.69144022,0.98893698,0.29490686,0.35239738,0.22044078,0.77656621,0.50612944,0.54822979,0.65932254,0.80836687,0.30498499,0.74219479,0.94052598,0.53793696,0.60795900,0.86053553,0.34824642,0.64389111,0.51247843]"
87,"[0.06259634,0.93577733,0.77471571,0.66795263,0.86061932,0.09696420,0.09252126,0.76952919,0.12089799,0.17494776,0.08852361,0.46082966,0.02383956,0.99906044,0.97017054,0.19866177,0.39215715,0.72678754,0.38833979,0.80358531,0.59761663,0.70657661,0.58373224,0.78362684,0.31611425,0.21379980,0.97434922,0.41743031,0.68736374,0.12205709,0.19921529,0.38798644,0.81735885,0.34588067,0.53362832,0.53732684,0.63644049,0.23308404,0.04491602,0.31251378,0.73951486,0.49702869,0.92218584,0.90458025,0.59601947,0.58495545,0.87986130,0.23225768,0.45269747,0.22926267,0.73539111,0.28361991,0.94294145,0.75130731,0.05629130,0.79848509,0.73901007,0.27694603,0.88490403,0.74543857,0.09368399,0.73757410,0.25005153,0.31264687,0.24842320,0.02313791,0.69108954,0.55170786,0.64867106,0.74119132,0.51071951,0.63161650,0.80656325,0.89508586,0.35591452,0.37975308,0.37881253,0.34898207,0.54764283,0.93979898,0.66658552,0.05492431,0.85850862,0.45612425,0.16269986,0.74643110,0.53005694,0.84617020,0.05996900,0.03431722,0.45174653,0.13910927,0.26116536,0.46037966,0.84836510,0.66572295,0.01160261,0.54522993,0.08255577,0.71899527,0.95207830,0.99699333,0.30950611,0.04901997,0.54604765,0.46823249,0.37281175,0.96883021,0.55378466,0.43364496,0.66590164,0.11859810,0.34785977,0.08324989,0.36686880,0.30980924,0.06111555,0.11740586,0.91588995,0.65489902,0.93184406,0.81674709,0.56218466,0.65586765,0.39344075,0.64349127,0.95613715,0.20455935]"
88,"[0.22769626,0.91878480,0.47049166,0.11916172,0.86035203,0.37107054,0.00268603,0.80924829,0.70433314,0.06024667,0.43999875,0.81881028,0.16779134,0.71543318,0.65523116,0.32181567,0.37673898,0.23524660,0.69136985,0.85406871,0.60049881,0.13055475,0.97672395,0.03669195,0.07100817,0.52275370,0.66186197,0.92302633,0.38340499,0.23176908,0.89749103,0.90909265,0.45432158,0.53687635,0.25587062,0.20794793,0.20494025,0.51444536,0.56346433,0.10951098,0.57774248,0.95055322,0.91938243,0.47316609,0.90681005,0.57271068,0.69130779,0.03916656,0.12241545,0.48928324,0.79909148,0.86020604,0.97761090,0.89349985,0.54839787,0.48024093,0.29698702,0.85917068,0.51503732,0.90847707,0.55196734,0.50810349,0.71266184,0.94035710,0.85914090,0.32963155,0.44879227,0.30914330,0.68021284,0.68289788,0.49214516,0.19647731,0.25672297,0.69672072,0.51553000,0.68332034,0.39875251,0.05398267,0.37579734,0.75253532,0.98778092,0.67914976,0.53321747,0.13371528,0.26426904,0.24099198,0.27768293,0.34869010,0.87144279,0.53330376,0.45632909,0.83973307,0.07150116,0.96899119,0.87808284,0.33240341,0.86927877,0.12514839,0.33309532,0.53803457,0.05247894,0.61594227,0.72545225,0.30319373,0.25374595,0.17312738,0.64629248,0.55310152,0.12581120,0.81711799,0.85628355,0.97869800,0.46798024,0.26707072,0.12727576,0.10488566,0.99838451,0.54678138,0.02702131,0.32400732,0.18317700,0.69821332,0.60668939,0.15865573,0.66675822,0.37941906,0.31977516,0.17891505]"
89,"[0.50854561,0.95733688,0.26647918,0.94669102,0.62958790,0.12173206,0.31820837,0.57493034,0.27165006,0.78717906,0.47049840,0.86924992,0.92323159,0.29902793,0.05156225,0.03934217,0.71849093,0.25170740,0.38542169,0.64968972,0.89068070,0.16836263,0.51705173,0.38849352,0.92179628,0.37812437,0.21785644,0.28935660,0.25834679,0.13642862,0.46883104,0.33810881,0.46325620,0.79635052,0.33438409,0.38686202,0.00280329,0.72825454,0.03144727,0.28519222,0.45831860,0.10461008,0.65771060,0.78352080,0.60063779,0.45692034,0.43561734,0.90359658,0.17066630,0.29794107,0.40282573,0.40120923,0.94798961,0.97500992,0.29901624,0.48219224,0.18040456,0.78709295,0.94574769,0.61250491,0.99192297,0.31169712,0.49061118,0.99915578,0.95649166,0.22296984,0.16965987,0.79924677,0.92097783,0.23918520,0.81411454,0.08576360,0.87294166,0.34343906,0.21268798,0.13591856,0.43494549,0.48650674,0.52584791,0.24433784,0.49604424,0.88146493,0.53115365,0.42183335,0.59019499,0.10724572,0.49573824,0.41753351,0.79565688,0.01351232,0.30286792,0.56121371,0.69764133,0.16647137,0.50457918,0.96783438,0.76418389,0.09856698,0.48542800,0.48823029,0.21648383,0.24793009,0.53312131,0.99143891,0.09604798,0.75375758,0.53727738,0.13791417,0.59483352,0.03044985,0.93404543,0.10471073,0.40265080,0.80547553,0.20668376,0.15467237,0.12968128,0.42869653,0.91088777,0.09129133,0.87838328,0.82412997,0.43663387,0.42855584,0.74025196,0.23086213,0.23001692,0.18650758]"
90,"[0.40947642,0.57913529,0.37838105,0.29935788,0.53854208,0.35265562,0.43841822,0.31135888,0.65479694,0.86748392,0.00340148,0.43834597,0.92485171,0.45069862,0.69503545,0.19107869,0.07254262,0.60369526,0.02552762,0.61572160,0.72296632,0.21870355,0.63623607,0.43189195,0.44540327,0.74827019,0.30948290,0.00712323,0.17359360,0.67817177,0.64600515,0.41018804,0.50875401,0.99418102,0.48241030,0.69889313,0.94682222,0.47994253,0.47138044,0.56742742,0.32118400,0.85846038,0.99637356,0.59120607,0.62165492,0.55569936,0.66040909,0.06305889,0.86853342,0.07521618,0.22988754,0.35956783,0.78826336,0.69915012,0.79044045,0.66882273,0.49295170,0.92958457,0.35813941,0.09839036,0.32925150,0.55926741,0.74577399,0.15524942,0.73438370,0.11276376,0.41212064,0.95066172,0.30331634,0.74173355,0.05309143,0.70788737,0.57537029,0.57877077,0.01711574,0.94196646,0.39266407,0.08769853,0.27877622,0.35131784,0.95501210,0.98053872,0.59625932,0.31922463,0.53792719,0.17416225,0.60605320,0.05145547,0.79972466,0.10920655,0.11632878,0.28992137,0.96809215,0.61409629,0.02428333,0.53303635,0.52721636,0.00962566,0.70851779,0.65533902,0.13528055,0.60665998,0.17408640,0.49526941,0.35372879,0.35010134,0.94130641,0.56296034,0.11865869,0.77906678,0.84212468,0.71065709,0.78587227,0.01575882,0.37532565,0.16358800,0.86273712,0.65317657,0.32199830,0.81494900,0.74453257,0.10267098,0.20106034,0.53031084,0.08957725,0.83535025,0.99059866,0.72498137]"
91,"[0.83774413,0.24986377,0.20052449,0.50383982,0.24557237,0.29866280,0.00654917,0.58191846,0.16068823,0.17780298,0.11976843,0.51243151,0.60012903,0.87890425,0.23022109,0.18523219,0.16576991,0.76202823,0.08125186,0.61917805,0.79333930,0.39939150,0.45084597,0.25056963,0.35977518,0.47610295,0.76602333,0.73411447,0.34820977,0.37249210,0.90552744,0.43274280,0.44236747,0.15088426,0.80622228,0.94150182,0.54816081,0.72224621,0.21751461,0.57124240,0.92134274,0.86264816,0.42560749,0.54426518,0.32333097,0.16545465,0.87611074,0.66198201,0.67773983,0.05306447,0.21665147,0.07938759,0.73256317,0.05456047,0.86950847,0.61404004,0.71671002,0.91776936,0.44807920,0.53765545,0.37300470,0.36360236,0.08858273,0.92632585,0.17618862,0.37671211,0.88055093,0.12612230,0.42478410,0.43133228,0.01324974,0.17393697,0.35173895,0.47150638,0.98393688,0.58406491,0.46296817,0.69318826,0.87841945,0.04418836,0.80621559,0.88746646,0.50664351,0.29998181,0.69937231,0.15021728,0.40078591,0.76056009,0.23666204,0.00268437,0.73679784,0.08500661,0.45749771,0.36302415,0.79576595,0.23813242,0.38901568,0.19523695,0.13673778,0.68489758,0.40714279,0.62465641,0.19589781,0.11723955,0.97988671,0.40549320,0.94975738,0.27308735,0.43854099,0.31465073,0.97663174,0.65437057,0.70743404,0.92408451,0.00347111,0.73603328,0.79059275,0.66010021,0.27413925,0.99084827,0.90861662,0.35669482,0.89434927,0.26735297,0.63095432,0.71953605,0.64586090,0.82204852]"
92,"[0.19875963,0.07930956,0.20543086,0.63021397,0.06154525,0.07479398,0.24872995,0.60046790,0.07197328,0.05590916,0.63997307,0.10294024,0.79612750,0.67454595,0.71873332,0.52494791,0.41241337,0.91905587,0.21903668,0.91840800,0.06862428,0.46940919,0.22996828,0.46662932,0.46931269,0.20610953,0.29111514,0.74861185,0.11163500,0.90739995,0.14553137,0.53454605,0.72978200,0.86651878,0.55141536,0.95855715,0.58321256,0.77910937,0.89634792,0.87623362,0.28172582,0.23148220,0.50456855,0.94310855,0.25775828,0.23438902,0.88875859,0.59619163,0.52027515,0.52374525,0.25977753,0.05036927,0.71046849,0.98460674,0.97545401,0.88406964,0.24076345,0.13511172,0.40246369,0.03341701,0.75295206,0.39881197,0.22085949,0.41961812,0.49892669,0.70435655,0.33456952,0.39611376,0.47090675,0.71963570,0.32010260,0.39207488,0.44798304,0.08795511,0.19089435,0.98702085,0.66156581,0.38029812,0.90524503,0.31765739,0.23671227,0.45574795,0.37415495,0.44277823,0.91218642,0.14215370,0.60878202,0.07809371,0.28420224,0.57531638,0.32392723,0.43556123,0.34296019,0.48849056,0.02303561,0.75281661,0.61933439,0.17074875,0.12930490,0.71251646,0.49162482,0.38797174,0.26420436,0.54592919,0.77741039,0.28197794,0.22508548,0.48284276,0.71723079,0.60598838,0.20217901,0.72245316,0.24619741,0.50597394,0.55634221,0.26680970,0.25141544,0.22686845,0.11093709,0.35169954,0.48681026,0.88927295,0.92268896,0.67564003,0.07445099,0.29530949,0.71492661,0.21385229]"
93,"[0.91820784,0.25277636,0.64888913,0.11979487,0.83942958,0.15953118,0.55160506,0.99958710,0.08754121,0.27843457,0.26545442,0.92701923,0.30731635,0.21256038,0.53021677,0.76692804,0.22267498,0.59682893,0.03960616,0.95179157,0.09394427,0.70272529,0.78081799,0.06501923,0.64033461,0.96426085,0.39982108,0.74278026,0.23126982,0.25430443,0.00712003,0.62645342,0.79720117,0.92650507,0.63902053,0.13064435,0.51861509,0.78281846,0.32874664,0.10615603,0.38813297,0.61321745,0.09605922,0.81328900,0.41927638,0.62145439,0.34390655,0.59010296,0.09607590,0.65241711,0.91922581,0.17064025,0.39750770,0.50844379,0.86014233,0.34695159,0.23622354,0.15891151,0.83455053,0.90900053,0.20430901,0.91923462,0.13308592,0.05129276,0.30406812,0.95295625,0.07275012,0.91217870,0.07170888,0.62331294,0.62289904,0.71043926,0.98887282,0.25432624,0.18134447,0.48865982,0.70121919,0.23143496,0.99836200,0.22103598,0.81786391,0.85746907,0.80925964,0.90320291,0.60592720,0.38674419,0.45176243,0.09209604,0.05635589,0.45617596,0.19895523,0.43022405,0.68452747,0.69164651,0.31809893,0.11529910,0.04180317,0.68082270,0.81146605,0.33008014,0.11289760,0.44164325,0.54779828,0.93593025,0.54914670,0.64520491,0.45849292,0.87776830,0.49922169,0.84312724,0.43322919,0.52930409,0.18172019,0.10094500,0.27158425,0.66909095,0.17753373,0.03767506,0.38462565,0.62084819,0.77975870,0.61430823,0.52330776,0.72761578,0.64684940,0.77993432,0.83122608,0.13529321]"
94,"[0.08824846,0.16099758,0.07317528,0.14488316,0.76819510,0.39109315,0.10153140,0.09040322,0.34472847,0.52607193,0.01473075,0.71594894,0.94738290,0.94574390,0.16677888,0.98464178,0.84210985,0.65136849,0.55457040,0.16049660,0.54723979,0.99900122,0.09109626,0.14745115,0.60362611,0.80258034,0.23280338,0.91732986,0.60897536,0.92707329,0.04237139,0.08417356,0.76499526,0.57646031,0.90653945,0.01943605,0.46107830,0.00887557,0.94480482,0.49395052,0.13915443,0.59764635,0.47541364,0.97463433,0.81776057,0.25098876,0.78029185,0.96201104,0.06295504,0.33453829,0.00362824,0.18116098,0.21883504,0.60345969,0.22430688,0.00406458,0.61837181,0.14167857,0.86929335,0.51614175,0.29607507,0.12730016,0.26259236,0.35083982,0.51183640,0.58501068,0.72989284,0.49808694,0.88917909,0.99070949,0.08111171,0.42583918,0.95191011,0.96663986,0.68258780,0.62996970,0.57571260,0.74249048,0.72713126,0.56924011,0.22060760,0.77517700,0.93567260,0.48291139,0.48191161,0.57300687,0.72045701,0.32408212,0.12666146,0.35946384,0.27679270,0.88576707,0.81283936,0.85520975,0.93938231,0.70437657,0.28083587,0.18737432,0.20680937,0.66788667,0.67676124,0.62156506,0.11551457,0.25466800,0.85231335,0.32772599,0.30235933,0.12011889,0.37110665,0.15139750,0.11340755,0.17636159,0.51089889,0.51452613,0.69568610,0.91452014,0.51797883,0.74228471,0.74634828,0.36471910,0.50639667,0.37568902,0.89182978,0.18790385,0.31520301,0.57779437,0.92863319,0.44046859]"
95,"[0.02547827,0.75537011,0.25345605,0.14263414,0.13334263,0.21445334,0.64029151,0.59220063,0.55883949,0.24142629,0.87139499,0.44710659,0.18959607,0.91672633,0.48596543,0.70657203,0.48174803,0.41741963,0.90033002,0.38224063,0.95524649,0.67570251,0.99978363,0.12644409,0.48590693,0.76269863,0.64846470,0.46130306,0.31651181,0.25589312,0.96026868,0.24110356,0.42847688,0.63528525,0.30317092,0.97993116,0.60149522,0.71700879,0.97167579,0.82398814,0.15171314,0.45407146,0.57418936,0.94529501,0.09669151,0.21009806,0.38645865,0.89735654,0.41188167,0.10756678,0.02208592,0.54006374,0.28234745,0.02869473,0.39341283,0.89980850,0.27549652,0.16732530,0.35522815,0.67043015,0.24822352,0.17685571,0.61732330,0.64280056,0.39816967,0.65162472,0.79425785,0.92759948,0.14205181,0.78234233,0.37454195,0.93338044,0.17480573,0.04619972,0.49330531,0.68290038,0.59962571,0.08559014,0.79216117,0.27390820,0.69132683,0.59165585,0.97389547,0.92914096,0.60484247,0.60462510,0.73106819,0.21697412,0.97967175,0.62813545,0.08943751,0.40594832,0.66184044,0.62210812,0.86321068,0.29168656,0.92697081,0.23014073,0.21007089,0.81156511,0.52857290,0.50024769,0.32423483,0.47594697,0.93001743,0.50420579,0.44949980,0.54619031,0.75628737,0.14274503,0.04010057,0.45198124,0.55954702,0.58163193,0.12169467,0.40404112,0.43273486,0.82614669,0.72595419,0.00144971,0.16877401,0.52400116,0.19443031,0.44265283,0.61950754,0.23682984,0.87962940,0.27779807]"
96,"[0.92942179,0.72367864,0.65127711,0.79332793,0.57566925,0.95021021,0.88358965,0.05839437,0.10459309,0.59789741,0.28079679,0.88042149,0.96601063,0.75817080,0.03207801,0.72340384,0.31505868,0.28895316,0.21809312,0.82293459,0.42755869,0.15862588,0.37559900,0.35526975,0.98340421,0.07284072,0.47878804,0.14062747,0.76273460,0.62594427,0.91762983,0.84459964,0.07473937,0.28480927,0.09637337,0.62494527,0.12519196,0.44942580,0.92537177,0.85538820,0.35959298,0.80909178,0.35528109,0.11156746,0.25431149,0.29441106,0.74639130,0.30593731,0.88756824,0.00926191,0.41330204,0.84603589,0.67218158,0.39813476,0.39958347,0.56835648,0.09235664,0.28678595,0.72943778,0.34894433,0.58577317,0.46540157,0.74319864,0.67261943,0.39629706,0.04757318,0.84090010,0.41656835,0.36677756,0.25036621,0.30875958,0.41335168,0.01124808,0.29204387,0.17246436,0.13847399,0.89664379,0.92872080,0.65212364,0.96718132,0.25613348,0.47422560,0.29715919,0.72471688,0.88334176,0.25893976,0.61420851,0.59761172,0.67045143,0.14923847,0.28986494,0.05259854,0.67854181,0.59617065,0.44076929,0.51550766,0.80031593,0.89668831,0.52163258,0.64682354,0.09624834,0.02161910,0.87700630,0.23659828,0.04568906,0.40096915,0.51253561,0.76684609,0.06125615,0.80764644,0.11358275,0.00114999,0.01041091,0.42371195,0.26974684,0.94192742,0.34006118,0.73964365,0.30799913,0.40035477,0.68713972,0.41657650,0.76551983,0.35129200,0.81669257,0.55989021,0.23250864,0.62880470]"
97,"[0.67637688,0.51727598,0.93384333,0.30061989,0.55098510,0.85974368,0.27309435,0.28434144,0.57638431,0.74884767,0.88732066,0.78396345,0.71268325,0.36480589,0.33198621,0.58811870,0.06234330,0.35950149,0.08421737,0.96755814,0.22649689,0.84070440,0.43831512,0.10876555,0.25800302,0.54786697,0.60046451,0.27900532,0.87517496,0.31594325,0.83144992,0.63176485,0.52845215,0.05008373,0.69690627,0.79315361,0.81477172,0.69177702,0.92837430,0.97406236,0.37503050,0.88756511,0.65441021,0.71566536,0.52331080,0.63689255,0.63804155,0.64845146,0.07216240,0.34190824,0.28383466,0.62389484,0.36353749,0.67153562,0.07188939,0.75902811,0.17560360,0.94112243,0.29241343,0.10910500,0.66899421,0.90150185,0.53030555,0.20668142,0.72395640,0.65779873,0.95841762,0.50940172,0.36914440,0.64223775,0.92657819,0.50296149,0.25180816,0.13912781,0.92309027,0.63577252,0.00057741,0.33256262,0.92068032,0.98302262,0.34252311,0.42673948,0.39429661,0.62079251,0.46149591,0.89981003,0.00857459,0.26657661,0.81444258,0.41490608,0.69391040,0.56908437,0.88502662,0.71647554,0.34823939,0.87669054,0.92677327,0.62367855,0.41683116,0.23160187,0.92337789,0.85175118,0.82581254,0.20084205,0.08840616,0.74281537,0.45847972,0.98178952,0.61868107,0.25672162,0.90517208,0.97733348,0.31924072,0.60307438,0.22696822,0.59050470,0.26203932,0.33392771,0.09295481,0.26855742,0.20967885,0.50209128,0.61119528,0.28018848,0.18168933,0.71199387,0.91867430,0.64262970]"
98,"[0.30042742,0.25884405,0.76824477,0.13738816,0.77962492,0.70620210,0.20916260,0.46096976,0.60009657,0.52318583,0.15895735,0.15953376,0.49209538,0.41277470,0.39579632,0.73831842,0.16505690,0.55935252,0.18014402,0.64163893,0.54144797,0.55002155,0.81659716,0.63103874,0.04594383,0.73985323,0.30893660,0.19396222,0.91043676,0.25867515,0.13536469,0.06213697,0.68581451,0.10264467,0.33424554,0.25762243,0.10937261,0.93518416,0.13602520,0.22443036,0.96724473,0.42572345,0.40751197,0.02619204,0.28291266,0.18808374,0.16541622,0.48465594,0.08772932,0.31469654,0.90520024,0.16723856,0.50116527,0.59411909,0.86267551,0.07235336,0.57444364,0.18563791,0.46582540,0.64751373,0.35950660,0.27817990,0.92080859,0.22123502,0.48007806,0.24832183,0.38570899,0.16533291,0.87153401,0.08069561,0.54166436,0.14175993,0.66494477,0.82390112,0.98343388,0.47552826,0.88830196,0.28409728,0.02241470,0.18747060,0.74682212,0.92696514,0.56860308,0.11005004,0.66007059,0.47666676,0.10770450,0.15364733,0.89349956,0.20243516,0.39639638,0.30683214,0.56550629,0.70086998,0.76300595,0.44881946,0.55146313,0.88570767,0.14332910,0.25270071,0.18788387,0.32390807,0.54833743,0.51558116,0.94130360,0.34881457,0.37500561,0.65791727,0.84600001,0.01141523,0.49607017,0.58379850,0.89849404,0.80369328,0.97093084,0.47209512,0.06621320,0.92888771,0.00124007,0.57568270,0.76131962,0.22714401,0.87465674,0.23416234,0.51234123,0.43314883,0.65438284,0.13445990]"
99,"[0.38278073,0.76848872,0.93382063,0.80535364,0.88604824,0.42771160,0.56947053,0.23441430,0.05831442,0.04174729,0.51727455,0.40557551,0.68967179,0.71208549,0.89955510,0.64637621,0.57334035,0.14194243,0.25199147,0.91206107,0.38872682,0.49643032,0.65007665,0.54357521,0.74600937,0.14240474,0.44923588,0.01474117,0.71561015,0.47861509,0.92743355,0.47889568,0.36460235,0.50793045,0.76063016,0.94851303,0.27242010,0.82075653,0.33633669,0.27763929,0.62645286,0.00145747,0.65937374,0.50537275,0.51678698,0.01285616,0.59665366,0.49514669,0.29883897,0.26976881,0.74186293,0.80807514,0.73696185,0.73820091,0.31388262,0.07520123,0.30234425,0.17699999,0.41116133,0.92350156,0.35664939,0.01103123,0.14549013,0.52826986,0.29675758,0.23057721,0.03592984,0.92197709,0.34968769,0.91915722,0.15357052,0.21188393,0.25363023,0.77090378,0.17647829,0.86614909,0.57823358,0.47778767,0.12416289,0.69750224,0.83944367,0.09143414,0.00349421,0.39222003,0.88864935,0.53872500,0.08229921,0.82830758,0.97071133,0.41994621,0.43468638,0.15029553,0.62890962,0.55634217,0.03523685,0.39983819,0.90776764,0.66839680,0.61690883,0.88932793,0.71008346,0.04641915,0.32405744,0.95050931,0.95196578,0.61133853,0.11671028,0.63349627,0.64635142,0.24300408,0.73814977,0.03698774,0.30675556,0.04861749,0.85669163,0.59365247,0.33185238,0.64573400,0.72093424,0.02327748,0.20027647,0.61143680,0.53493736,0.89158574,0.90261597,0.04810510,0.57637396,0.87313055]"
100,"[0.10370675,0.13963560,0.06161168,0.41129837,0.33045459,0.48402411,0.69590704,0.94953627,0.72043904,0.89691634,0.76306442,0.34129700,0.81908367,0.94324556,0.64074680,0.48018948,0.57162262,0.57511583,0.96733485,0.85598321,0.39470721,0.47700543,0.30531201,0.27602234,0.69596755,0.13065292,0.28094745,0.90985607,0.46619724,0.50143308,0.90127027,0.80903691,0.47743271,0.09434054,0.98366746,0.69374992,0.74016807,0.06422451,0.01473282,0.96669760,0.57803513,0.69474441,0.32823968,0.97459010,0.21759318,0.95574195,0.99272870,0.29948326,0.34809975,0.20479037,0.79844184,0.13029323,0.77602623,0.49695946,0.52023595,0.72051142,0.33194721,0.86688357,0.75846832,0.66108329,0.70918739,0.28556035,0.15868990,0.26239565,0.40203025,0.46364093,0.87493830,0.20539189,0.68941500,0.38532103,0.33485630,0.05529434,0.95220968,0.71527311,0.05656911,0.87565178,0.81889634,0.45964215,0.93983062,0.51145224,0.08656707,0.05390092,0.90988313,0.30458934,0.78159377,0.08690478,0.36292611,0.05889266,0.18954458,0.47049103,0.38034610,0.84654234,0.34797442,0.24924370,0.05827961,0.53571132,0.63005085,0.61371731,0.30746623,0.04763330,0.11185682,0.12658864,0.09328524,0.67131937,0.36606278,0.69430146,0.66889056,0.88648274,0.84222370,0.83495139,0.13443365,0.48253239,0.68732177,0.48576261,0.61605483,0.39208006,0.88903853,0.40927347,0.12978389,0.46173011,0.32861268,0.08707999,0.74816228,0.45734867,0.74290802,0.90159691,0.16399156,0.56602081]"
101,"[0.02966074,0.90459804,0.10998893,0.79940292,0.18472296,0.51957826,0.57487160,0.52708028,0.24235239,0.29892049,0.17457127,0.99346662,0.45310776,0.39293739,0.90438863,0.99095469,0.04485461,0.95473674,0.25932508,0.04091784,0.12782162,0.49074673,0.54963839,0.73918197,0.20967200,0.59001710,0.43655844,0.78453186,0.03377456,0.09205316,0.62776348,0.25781333,0.87152965,0.17899488,0.22662719,0.33848301,0.46507064,0.55835489,0.22967326,0.59573504,0.29003550,0.95892506,0.84540680,0.68762950,0.52257989,0.65701254,0.13954394,0.82686470,0.31262631,0.92868014,0.32075920,0.20979673,0.61906920,0.74885209,0.21058120,0.53919288,0.62627187,0.37443315,0.83178082,0.57468783,0.47628374,0.64027430,0.20629411,0.23595384,0.14055088,0.25053881,0.04994073,0.23466268,0.75423994,0.32911054,0.85618982,0.09854121,0.39746070,0.57203098,0.56549659,0.01860336,0.41153974,0.31592737,0.30688106,0.35173467,0.30647041,0.56579449,0.60671133,0.73453195,0.22527768,0.77491507,0.51409603,0.72376704,0.31378314,0.75034058,0.53487144,0.56864499,0.66069716,0.28845964,0.54627197,0.41780062,0.59679451,0.82342070,0.16190270,0.62697235,0.18532623,0.41499849,0.01073253,0.30076703,0.25969109,0.10509689,0.79272539,0.31530428,0.97231583,0.11185876,0.93872246,0.25134777,0.18002692,0.50078512,0.71058085,0.32964905,0.07850014,0.28908034,0.82827222,0.45454309,0.82897524,0.66075506,0.23544189,0.71172463,0.35199793,0.55829104,0.79424388,0.93479376]"
102,"[0.18533157,0.23527130,0.46993298,0.22417192,0.55328146,0.40947028,0.50801049,0.90547019,0.47750017,0.04299576,0.06159812,0.47313686,0.78906323,0.09594328,0.44767695,0.75414636,0.31993985,0.92665018,0.66118113,0.88645780,0.66137187,0.17546690,0.89923294,0.21301508,0.96335465,0.49822509,0.06686908,0.72756524,0.01602388,0.56229485,0.98009448,0.57688799,0.40030769,0.56220939,0.18918074,0.37450597,0.78950346,0.80023499,0.10100101,0.36069110,0.46578699,0.25851138,0.57381467,0.54612949,0.65798726,0.59670872,0.84805549,0.02808141,0.52886553,0.23944538,0.56909343,0.64759257,0.93667191,0.76494313,0.21948523,0.04845947,0.70921352,0.94465441,0.65637804,0.00837497,0.56666501,0.36090789,0.29570065,0.48103122,0.71630152,0.18623350,0.41040441,0.96368487,0.37315415,0.88116364,0.78663283,0.26413200,0.30712676,0.36872388,0.84185974,0.63092197,0.72686425,0.17454021,0.92868557,0.24862442,0.17527359,0.83645372,0.72291052,0.38428139,0.55974730,0.45897924,0.67199331,0.63534696,0.13357105,0.20043914,0.92800338,0.94402626,0.50632011,0.48641359,0.06330058,0.46360726,0.02581565,0.21499539,0.58950036,0.37900281,0.17923680,0.28023682,0.64092692,0.10671291,0.36522329,0.93903696,0.48516546,0.14315171,0.73985943,0.58791393,0.61599434,0.14485887,0.38430324,0.95339567,0.60098724,0.53765815,0.30260028,0.52208451,0.57054298,0.27975550,0.22440891,0.88078595,0.88915992,0.45582393,0.81673081,0.11243046,0.59346068,0.30976120]"
103,"[0.49599369,0.90639711,0.87008098,0.24323413,0.12439676,0.91102859,0.17515959,0.48228535,0.85100823,0.69286697,0.32378794,0.05065119,0.22519039,0.15387496,0.40249838,0.57777097,0.41422369,0.13713321,0.52141360,0.08115990,0.54013813,0.21213045,0.84747641,0.98104646,0.18148460,0.10948697,0.05351223,0.55983134,0.04624393,0.10954350,0.57314976,0.59896442,0.81395880,0.40345816,0.78245997,0.96169577,0.24193159,0.88285751,0.98956942,0.35479171,0.29382767,0.77899213,0.92214284,0.66200128,0.24991421,0.86590755,0.01076541,0.39506766,0.34846233,0.94944857,0.48710572,0.78970500,0.31178851,0.88233049,0.16208499,0.38649290,0.26727785,0.15643677,0.61225970,0.42898951,0.54141897,0.13487865,0.44463885,0.94063154,0.84702765,0.71710763,0.96034076,0.08473652,0.99576411,0.17092270,0.65320705,0.50421428,0.19708025,0.52086719,0.57151738,0.79670677,0.95058073,0.35307811,0.93084808,0.34507077,0.48220298,0.00361558,0.08477448,0.62491161,0.83704106,0.68451646,0.66556193,0.84704553,0.95653150,0.01004273,0.56987307,0.61611600,0.72565850,0.29880727,0.89777068,0.71172848,0.11518564,0.89764461,0.85933938,0.10126997,0.98412648,0.97369490,0.32848561,0.62231229,0.40130342,0.32344526,0.98544554,0.23535875,0.10126529,0.11202971,0.50709636,0.85555769,0.80500526,0.29210997,0.08181397,0.39360148,0.27593097,0.43801495,0.82450685,0.09178370,0.24821947,0.86047817,0.28946668,0.83088465,0.96576230,0.41040015,0.35103069,0.19805734]"
104,"[0.91516397,0.87550373,0.96023925,0.95600236,0.12692406,0.78013011,0.28434340,0.48142265,0.00228884,0.57380522,0.37051100,0.32109073,0.67416784,0.60501492,0.95008469,0.43228666,0.43590124,0.52067472,0.14558533,0.98262538,0.66714085,0.33270177,0.17974630,0.13627680,0.14631852,0.71619059,0.33230559,0.05796309,0.35676935,0.25453903,0.96626651,0.08145115,0.97909476,0.83843315,0.93970212,0.92382760,0.89752150,0.22600611,0.84831740,0.24961981,0.57306407,0.55850861,0.79386636,0.89513065,0.00715936,0.51425472,0.36981141,0.17481566,0.46692464,0.54873761,0.94233809,0.21826806,0.65628201,0.48078787,0.57257057,0.82078904,0.68126621,0.97073189,0.80161554,0.76737684,0.17777598,0.52880567,0.72686201,0.64202499,0.51752771,0.47776596,0.43376732,0.56069038,0.34081949,0.62516189,0.10658354,0.10887138,0.68267561,0.05318561,0.37427534,0.04844218,0.65345610,0.60353979,0.03582545,0.47172569,0.99239941,0.13798374,0.12060812,0.78774796,0.12044873,0.30019403,0.43646983,0.58278735,0.29897695,0.63128153,0.68924362,0.04601198,0.30055001,0.26681553,0.34826568,0.32735944,0.16579159,0.10549271,0.02931931,0.92683981,0.15284492,0.00116131,0.25078013,0.82384320,0.38235081,0.17621617,0.07134582,0.07850418,0.59275790,0.96256830,0.13738297,0.60430660,0.15304321,0.09538030,0.31364736,0.96992837,0.45071524,0.02328481,0.84407285,0.52533806,0.49606895,0.29768349,0.06505932,0.24283431,0.77163898,0.49849999,0.14052398,0.65805069]"
105,"[0.13581565,0.56958197,0.13027135,0.47108984,0.09625072,0.20283326,0.31170365,0.99437826,0.04756286,0.42183720,0.47027838,0.12373348,0.72727227,0.76309672,0.23482141,0.22721982,0.36520256,0.48580968,0.27355664,0.39400437,0.69419740,0.13066623,0.71345259,0.01242853,0.64370907,0.33295169,0.37896267,0.67951168,0.94632620,0.29459088,0.62194932,0.78773991,0.89323162,0.92254993,0.84938874,0.00223266,0.00339298,0.25417210,0.07801430,0.46036411,0.63657928,0.70792410,0.78642728,0.37918417,0.34175147,0.47913344,0.08343905,0.23648126,0.33186056,0.64550692,0.61543429,0.06614853,0.08943233,0.93350418,0.45884125,0.95490920,0.25259169,0.31765001,0.56048332,0.33212130,0.83062029,0.97114326,0.62919295,0.76500760,0.33458857,0.46485891,0.93594775,0.03219747,0.23502974,0.54673239,0.54110964,0.58867151,0.01050770,0.48078508,0.60451756,0.33178883,0.09488455,0.32970496,0.55692378,0.92212534,0.40793402,0.68148966,0.07549303,0.76968943,0.90035466,0.61380625,0.62623378,0.26994185,0.60289253,0.98185420,0.66136488,0.60769008,0.90227996,0.52422828,0.31196719,0.20519781,0.12774674,0.97713448,0.97936614,0.98275812,0.23692922,0.31494252,0.77530563,0.41188391,0.11980701,0.90623329,0.28541646,0.62716693,0.10629937,0.18973742,0.42621768,0.75807724,0.40358316,0.01901645,0.08516397,0.17459531,0.10809849,0.56693874,0.52184693,0.77443762,0.09208663,0.65256895,0.98468925,0.81530853,0.78645080,0.41564275,0.18064935,0.51523691]"
106,"[0.98009483,0.91604158,0.94823805,0.18326679,0.72999818,0.27110682,0.85977733,0.87028403,0.35106811,0.95558467,0.28737250,0.38225605,0.71196001,0.26888279,0.19100713,0.59894015,0.28042881,0.35592083,0.12560927,0.02596293,0.63976818,0.26600096,0.53594181,0.13883334,0.12068654,0.78205042,0.38973949,0.29201845,0.81624573,0.12821191,0.33340872,0.46115446,0.43828794,0.41765308,0.40041019,0.63733841,0.95227993,0.72758456,0.13946747,0.25927348,0.16550576,0.45092122,0.07808715,0.18438553,0.37412195,0.80033863,0.55841486,0.96199702,0.98101247,0.06617544,0.24076975,0.34886724,0.91580497,0.43765091,0.21208753,0.30417316,0.95674111,0.94142936,0.75673690,0.54318669,0.95882844,0.13947679,0.65471270,0.63480653,0.55084710,0.49908415,0.68234994,0.41234711,0.68345293,0.54322926,0.41351229,0.76457940,0.72016308,0.00753458,0.38978963,0.10174864,0.37063043,0.56163656,0.16057571,0.44100352,0.79692335,0.92253162,0.94849355,0.58826073,0.85426069,0.39020150,0.52903384,0.64971939,0.43176881,0.82150730,0.11352475,0.92976948,0.05798039,0.39138811,0.85254157,0.29082850,0.70848058,0.10888977,0.74622718,0.69850611,0.42608967,0.56555613,0.82482861,0.99033337,0.44125360,0.51933975,0.70372428,0.07784523,0.87818286,0.43659672,0.39859274,0.37960420,0.44577864,0.68654739,0.03541362,0.95121760,0.38886750,0.60095403,0.90512619,0.86186630,0.80329467,0.56003056,0.10321626,0.06204370,0.20151948,0.85623118,0.49103671,0.04188281]"
107,"[0.54096596,0.22331490,0.63566101,0.31911294,0.86234120,0.27585249,0.04043089,0.76059297,0.76812654,0.15791517,0.25966280,0.63029223,0.19192779,0.35250250,0.79350502,0.59042737,0.51295799,0.46145054,0.04971027,0.90396996,0.29417046,0.82320331,0.47292170,0.90468950,0.72619580,0.83971955,0.76948803,0.82746741,0.21885452,0.07139509,0.36222259,0.07070218,0.17959095,0.92581713,0.62432224,0.05041091,0.61596604,0.44079365,0.43112603,0.87237862,0.39171737,0.09544065,0.17328488,0.05146673,0.48806245,0.88665419,0.26625740,0.71203504,0.39858143,0.43399405,0.38521065,0.77407715,0.37503018,0.28015537,0.14202067,0.94531434,0.50534390,0.60855915,0.67060185,0.87212033,0.72835052,0.21938623,0.26126804,0.80223301,0.02554691,0.66120692,0.98031886,0.84265906,0.11851055,0.15894044,0.91953241,0.68765795,0.84557212,0.10523393,0.73552516,0.92745195,0.27995345,0.07345747,0.66388385,0.17684084,0.63829038,0.68799965,0.59196862,0.88613808,0.70934039,0.18226108,0.08694958,0.81314439,0.65286294,0.42234996,0.24981638,0.46866990,0.54006399,0.90228558,0.97298676,0.15257671,0.07839284,0.70271408,0.75312399,0.36908904,0.80988169,0.24100671,0.11338434,0.50510071,0.60054036,0.77382424,0.82528997,0.31335143,0.20000462,0.46626102,0.17829506,0.57687549,0.01086854,0.39607819,0.17015434,0.54518352,0.82533788,0.96735755,0.91267089,0.41801379,0.02657194,0.69717279,0.56929212,0.29764164,0.51702687,0.77829392,0.58052592,0.60607183]"
108,"[0.26727775,0.24759561,0.09025367,0.20876323,0.36770267,0.28723408,0.97489103,0.82046215,0.92569507,0.66121923,0.58867018,0.86862263,0.94207911,0.60596196,0.78280180,0.42109118,0.10908983,0.70105744,0.58719452,0.29653391,0.47879399,0.56574258,0.37888596,0.03174790,0.45409686,0.70391224,0.17258114,0.71264413,0.61492871,0.58791447,0.74049017,0.81888201,0.52159510,0.27471809,0.64380613,0.45368681,0.69469253,0.80807587,0.31317557,0.91371494,0.68753818,0.51282715,0.82617758,0.02618120,0.49244122,0.67073528,0.24760977,0.25847731,0.65455450,0.82470784,0.36989036,0.19522724,0.16258380,0.07525368,0.49326647,0.51983741,0.21700920,0.78630032,0.08394096,0.60096684,0.37925975,0.95978467,0.56585550,0.83313224,0.08072685,0.17097952,0.37974175,0.74744342,0.03467649,0.00956652,0.83002767,0.75572174,0.41693997,0.00560915,0.87423078,0.81630889,0.42226985,0.20507064,0.62616082,0.73524965,0.43630609,0.02349961,0.32003252,0.79882552,0.36456709,0.74345206,0.77519896,0.22929482,0.93320605,0.10578619,0.81842932,0.43335702,0.02127049,0.76175966,0.58064068,0.10223477,0.37695186,0.02075699,0.47444280,0.16913433,0.97720919,0.29038377,0.20409771,0.89163488,0.40446103,0.23063761,0.25681781,0.74925802,0.41999230,0.66760106,0.92607737,0.58063087,0.40533771,0.77522707,0.97045331,0.13303611,0.20828879,0.70155426,0.22139067,0.43839887,0.22469819,0.30863816,0.90960399,0.28886275,0.24864642,0.81450092,0.64763216,0.72835801]"
109,"[0.89933653,0.27907728,0.02651970,0.06119519,0.07076072,0.90078738,0.65650813,0.07344710,0.07905525,0.95328503,0.76959292,0.19186177,0.39693141,0.02309123,0.75833987,0.19464496,0.21814357,0.53817510,0.33699961,0.70156570,0.44501676,0.22021471,0.44950853,0.38271358,0.48849877,0.30692709,0.74028311,0.76155260,0.52331126,0.10395094,0.20618471,0.58313558,0.60389157,0.07833337,0.24746670,0.22467489,0.51505766,0.71915437,0.61078825,0.01524828,0.24588489,0.50270169,0.25195871,0.67195001,0.33955008,0.26562645,0.84625632,0.25159303,0.02681910,0.99727142,0.13030652,0.33859432,0.04014758,0.26153726,0.69993513,0.92463232,0.23326948,0.14287247,0.43173422,0.68037964,0.49487955,0.14251071,0.87086772,0.77020326,0.04927954,0.07579824,0.13699244,0.20775215,0.10853854,0.76504566,0.83849176,0.91754601,0.87083004,0.64042197,0.83228273,0.22921314,0.25230337,0.01064224,0.20528620,0.42342878,0.96160287,0.29860148,0.00016619,0.44518195,0.66539566,0.11490319,0.49761577,0.98611355,0.29303964,0.03332175,0.79487335,0.31818362,0.42213356,0.62831727,0.21145185,0.81534242,0.89367479,0.14114049,0.36581438,0.88087104,0.60002441,0.21081166,0.22605894,0.47194283,0.97464352,0.22660123,0.89855025,0.23809932,0.50372477,0.34998009,0.60157212,0.62839022,0.62566064,0.75596616,0.09455948,0.13470606,0.39624232,0.09617644,0.02080777,0.25407624,0.39694772,0.82868094,0.50905957,0.00393813,0.14644784,0.01731456,0.78751681,0.83679535]"
110,"[0.91259259,0.04958403,0.25733518,0.36587271,0.13091738,0.96940814,0.88695315,0.75778219,0.39820316,0.23048489,0.45969703,0.71199940,0.72264064,0.92792584,0.35135362,0.31295549,0.61155597,0.61172116,0.05690211,0.72229677,0.83719896,0.33481373,0.32092628,0.61396492,0.64728567,0.44215802,0.76034064,0.18247319,0.81078946,0.02224031,0.83758173,0.73125552,0.87239500,0.23820838,0.11907842,0.71910183,0.92991249,0.15597043,0.62791226,0.60255478,0.82915501,0.72770425,0.96580258,0.46952634,0.81950543,0.42107655,0.04946577,0.67512540,0.43109056,0.52564904,0.66035410,0.05659542,0.15277086,0.17357763,0.42765287,0.82459959,0.65327953,0.16233810,0.16627523,0.31272206,0.33003562,0.11755143,0.95434578,0.86693738,0.91652040,0.17385458,0.53972630,0.67064267,0.64004981,0.52700196,0.28478315,0.68298531,0.91346920,0.37316523,0.08516363,0.80780328,0.73572812,0.08708074,0.40003523,0.01159021,0.62331037,0.68021147,0.40250724,0.23970519,0.57451792,0.89544320,0.50940712,0.15669179,0.59884881,0.35918844,0.54166064,0.35244910,0.37468841,0.21226914,0.94352366,0.81591766,0.05412505,0.17320247,0.89230331,0.82221480,0.97818423,0.60609549,0.20864926,0.03780327,0.76550653,0.73130810,0.20083344,0.02033788,0.44141343,0.49087819,0.16600260,0.59709216,0.12274020,0.78309330,0.83968772,0.99245759,0.16603421,0.59368608,0.41828467,0.07156320,0.23390030,0.40017453,0.71289559,0.04293021,0.16048064,0.11482543,0.98176181,0.89828121]"
111,"[0.07213479,0.61186009,0.28250176,0.92255057,0.44955153,0.73433369,0.41731799,0.33078620,0.70395043,0.78911306,0.59691534,0.33264246,0.41972220,0.81975643,0.83134564,0.45465500,0.13486547,0.53737171,0.77707590,0.35159283,0.24703503,0.75644115,0.91313193,0.51197974,0.87116719,0.41282682,0.76527492,0.13996233,0.35223048,0.29575314,0.11166980,0.16579385,0.33899532,0.23129763,0.05351142,0.03169466,0.63778915,0.84643741,0.88423968,0.64974521,0.38105231,0.58188476,0.60222163,0.04363406,0.53451125,0.70051285,0.29760401,0.42034321,0.20343552,0.04312224,0.03557883,0.20161204,0.79529712,0.21358080,0.28514300,0.51904230,0.91921583,0.63211043,0.67503964,0.83551928,0.95034371,0.93210452,0.83038473,0.90251852,0.51437761,0.79687837,0.71942795,0.16897848,0.90331116,0.32062816,0.65141336,0.35536278,0.14447485,0.74138919,0.07403065,0.49375185,0.31350728,0.14485191,0.59950591,0.73437039,0.27174110,0.04881600,0.40040783,0.64744185,0.40388200,0.31701294,0.82899168,0.70015786,0.11298368,0.87825760,0.01821894,0.37044842,0.66620055,0.77786936,0.94366221,0.28265653,0.51395315,0.56746358,0.59915723,0.23694538,0.08338179,0.96762047,0.61736468,0.99841599,0.58029975,0.18252038,0.22615344,0.76066369,0.46117554,0.75877855,0.17912076,0.38255528,0.42567652,0.46125434,0.66286538,0.45816150,0.67174130,0.95688330,0.47592460,0.39513944,0.02724886,0.70228750,0.53780578,0.48814850,0.42025201,0.25063574,0.15315326,0.66752987]"
112,"[0.46440724,0.18383419,0.35281167,0.25612183,0.57674899,0.22816135,0.58352313,0.72799698,0.46938517,0.54341481,0.03716566,0.35067194,0.49552285,0.09502776,0.82939715,0.10113724,0.14995224,0.55035906,0.19779992,0.60168092,0.91869285,0.74768353,0.44784039,0.56082308,0.43907968,0.45729762,0.82774503,0.49394459,0.27181295,0.21547415,0.49812968,0.01208183,0.57954441,0.17870065,0.41564502,0.49902581,0.46664528,0.08400896,0.08242396,0.66272270,0.84524208,0.07139452,0.83205721,0.29323174,0.05200929,0.23112905,0.61368333,0.03935885,0.50061219,0.16347657,0.62163707,0.29337737,0.25025967,0.72618328,0.12132171,0.14856957,0.85085608,0.38866086,0.87680835,0.29705937,0.54769411,0.70084637,0.36837524,0.83278148,0.01661467,0.36942533,0.62554616,0.20229415,0.43045450,0.01397663,0.74197261,0.21135677,0.75477059,0.79193525,0.14260618,0.63812803,0.73315479,0.56255094,0.66368718,0.81363842,0.36399649,0.56179540,0.16347532,0.08216718,0.82984971,0.27768910,0.83851118,0.27758986,0.73488647,0.56263051,0.05657410,0.32838604,0.54385920,0.04198788,0.05406871,0.63361213,0.81231177,0.22795580,0.72698061,0.19362489,0.27763286,0.36005581,0.02277752,0.86801860,0.93941212,0.77146833,0.06469907,0.11670736,0.34783541,0.96151774,0.00087559,0.50148677,0.66496234,0.28659842,0.57997479,0.83023346,0.55641574,0.67773645,0.82630503,0.67716010,0.06581996,0.94262731,0.23968568,0.78737879,0.48822416,0.85659840,0.68937888,0.70599255]"
113,"[0.07541688,0.70096205,0.90325520,0.33370870,0.34768433,0.08965593,0.30101171,0.05578129,0.84771554,0.99032073,0.62844776,0.36160155,0.92415149,0.58783767,0.40147509,0.76547058,0.32726498,0.49073930,0.57290548,0.40275418,0.68044228,0.51895246,0.79654132,0.53142679,0.09405630,0.15062940,0.47901444,0.02287263,0.06485951,0.11892723,0.75253835,0.56484912,0.79280392,0.51978353,0.71340742,0.99103928,0.35109409,0.37387061,0.24188821,0.18129933,0.95276665,0.01746472,0.13417109,0.48200550,0.44352224,0.44439682,0.94588260,0.61084394,0.89744135,0.47741514,0.30764760,0.86406234,0.54179779,0.36810182,0.04526092,0.11107988,0.05370619,0.29339087,0.08076866,0.56899182,0.42558922,0.11496711,0.82095865,0.89637454,0.59733558,0.50058978,0.83429748,0.18198081,0.27163575,0.57264645,0.62842675,0.47614129,0.46646101,0.09490777,0.45650832,0.38065881,0.96849549,0.36996958,0.13543916,0.46270314,0.95344144,0.52634592,0.92909911,0.60954039,0.12849185,0.92503217,0.45645796,0.55051326,0.70114165,0.18015509,0.20302673,0.26788524,0.38681147,0.13934882,0.70419695,0.49699987,0.01678240,0.73018882,0.72122710,0.07232019,0.44618980,0.68807701,0.86937534,0.82214099,0.83960472,0.97377480,0.45577930,0.89930054,0.34369636,0.28957796,0.90042090,0.79786125,0.27527540,0.58292200,0.44698334,0.98878014,0.35688096,0.40214088,0.51321975,0.56692494,0.86031482,0.94108248,0.51007330,0.93566153,0.05062763,0.87158528,0.76795882,0.36529340]"
114,"[0.86588219,0.70017867,0.88215848,0.15379323,0.72643868,0.35486443,0.83100472,0.29746473,0.39237150,0.84887882,0.22953664,0.19803112,0.56799970,0.70343786,0.16614000,0.11958045,0.64592537,0.57502348,0.18456287,0.31305372,0.23808489,0.69454185,0.24505410,0.94619476,0.12634885,0.32937458,0.59725882,0.98406929,0.12341711,0.82761306,0.32461192,0.34139332,0.07158114,0.79280724,0.86512643,0.31131523,0.99939124,0.86876558,0.69090557,0.53050928,0.50428308,0.96006139,0.85936092,0.20305629,0.49263325,0.39305314,0.19091340,0.46618779,0.04910880,0.49609114,0.48487028,0.84175024,0.24389011,0.75710887,0.32403281,0.18434663,0.12542810,0.63550041,0.57116093,0.62178756,0.49337185,0.26132967,0.62662207,0.49250326,0.19268093,0.07483842,0.22863065,0.95506833,0.30993176,0.14093548,0.43839921,0.83076970,0.67964753,0.90918316,0.10721328,0.67521199,0.37864885,0.54478786,0.66436730,0.31029167,0.88531415,0.06987602,0.38292873,0.62101262,0.31555346,0.56060657,0.50680033,0.63314818,0.96252176,0.55977958,0.54384787,0.66726398,0.49487603,0.81948695,0.16087927,0.23245941,0.02526564,0.89039107,0.20170530,0.20109554,0.06986012,0.76076469,0.29127297,0.79555505,0.75561544,0.61497536,0.81803065,0.31066289,0.70371504,0.89462744,0.36081423,0.40992203,0.90601217,0.39088145,0.23263068,0.47651979,0.23362766,0.55765947,0.74200509,0.86743220,0.50293160,0.07409153,0.69587809,0.18924894,0.45057760,0.07719868,0.56970093,0.76238087]"
115,"[0.83721828,0.06584793,0.02091526,0.33084602,0.47178050,0.91017870,0.74094741,0.42059393,0.32977609,0.43698838,0.11219936,0.49084722,0.03563407,0.70000038,0.01029105,0.89560420,0.96547922,0.34840695,0.96941857,0.28497103,0.84557660,0.35237593,0.98552311,0.94804386,0.50782244,0.05166930,0.71893228,0.21380731,0.03329326,0.19417154,0.42662994,0.45189459,0.34228466,0.54398896,0.74508351,0.81494262,0.57570631,0.86697828,0.66253233,0.41814677,0.03312113,0.85115078,0.16181267,0.86552671,0.76015315,0.12096638,0.53088740,0.43689857,0.82777901,0.06040869,0.53692749,0.77055415,0.32821262,0.07021671,0.93764791,0.44057851,0.51466905,0.21054614,0.39979408,0.85037068,0.92756836,0.49726829,0.25964816,0.09686544,0.16271237,0.18362663,0.51447165,0.98625115,0.89642885,0.63737525,0.05796818,0.38774328,0.82473065,0.93692902,0.42777523,0.46340830,0.16340768,0.17369773,0.06930093,0.03477914,0.38318509,0.35260266,0.63757270,0.48314830,0.83552323,0.82104533,0.76908819,0.27690963,0.32857794,0.04750922,0.26131553,0.29460779,0.48877833,0.91540727,0.36730086,0.70958452,0.25357248,0.99865499,0.81359661,0.38930192,0.25627919,0.91881052,0.33695629,0.37007642,0.22122619,0.38303786,0.24856357,0.00871572,0.12968109,0.66056750,0.09746506,0.92524308,0.98565077,0.52257726,0.29313041,0.62134203,0.69155774,0.62920465,0.06978216,0.58445021,0.79499535,0.19478843,0.04515811,0.97272547,0.46999276,0.72963992,0.82650436,0.98921574]"
116,"[0.17284136,0.68731201,0.67356216,0.56999001,0.20736426,0.26533144,0.65307372,0.47780337,0.41473138,0.84250561,0.30591292,0.46931959,0.64301632,0.71231625,0.74709439,0.13027848,0.48288014,0.12045184,0.60359914,0.43912137,0.26016570,0.02925289,0.30616152,0.63473846,0.68224667,0.94356120,0.23816799,0.72694532,0.64235159,0.00965144,0.71923496,0.97280644,0.97146043,0.78505604,0.17435696,0.43063515,0.34944467,0.68639996,0.05647538,0.27770057,0.66073743,0.90930000,0.91801472,0.04769482,0.70826131,0.80572538,0.73096746,0.71661723,0.23919349,0.53232290,0.15366393,0.84522066,0.47442431,0.54420548,0.12865469,0.92364904,0.11843647,0.16359358,0.13631805,0.60630982,0.33594874,0.16245210,0.15166684,0.32450720,0.01181822,0.68537938,0.25536838,0.46273164,0.72806208,0.38113480,0.85893717,0.27366755,0.11617217,0.42208408,0.89140268,0.53441800,0.24673324,0.99382663,0.12410411,0.60698326,0.72743410,0.33103224,0.77015261,0.03031731,0.05956920,0.36572972,0.00046718,0.68271285,0.62627305,0.86444005,0.59138436,0.23373495,0.24338539,0.96261935,0.93542479,0.90688422,0.69193926,0.86629522,0.29692937,0.64637305,0.33277201,0.38924638,0.66694595,0.32768238,0.23698139,0.15499511,0.20268893,0.91094924,0.71667362,0.44764007,0.16425630,0.40344879,0.93577069,0.08943361,0.93465328,0.40907659,0.95328107,0.08193476,0.00558280,0.12401827,0.28761085,0.42392790,0.03023672,0.36618446,0.52863556,0.68030140,0.00480760,0.01662482]"
117,"[0.70200319,0.95737057,0.42010121,0.14816229,0.52929609,0.38823226,0.66189881,0.77806998,0.20015306,0.09155473,0.62597173,0.87270397,0.86652960,0.99063272,0.59761497,0.32504807,0.65607931,0.42623092,0.45654722,0.51611542,0.88184414,0.88231032,0.56502218,0.19129423,0.05573327,0.64711664,0.88085058,0.12423497,0.08685332,0.02227711,0.92916034,0.62109860,0.48739282,0.78432120,0.43069324,0.76346425,0.15270963,0.81965458,0.14733597,0.38431635,0.53931046,0.74199839,0.65294663,0.36961924,0.81725832,0.98151361,0.38496140,0.32073109,0.41016370,0.34481598,0.75389157,0.70717164,0.78910540,0.79468720,0.91870447,0.20631431,0.63024122,0.66047693,0.02666039,0.55529495,0.23559534,0.24040194,0.25702576,0.95902795,0.91639753,0.33649774,0.48465903,0.01395412,0.40218538,0.06408319,0.84215216,0.04230422,0.13385795,0.75982868,0.63253165,0.49906026,0.48969197,0.08730595,0.41235302,0.06843133,0.49466125,0.95120747,0.46732189,0.34916503,0.23147435,0.79649553,0.98778876,0.04352103,0.69063667,0.57148625,0.69572022,0.78257255,0.80484866,0.73400800,0.35510560,0.84249742,0.62681762,0.05750986,0.82097311,0.97368174,0.79333533,0.94067029,0.32498565,0.86429511,0.60629250,0.25923813,0.62885637,0.44611368,0.42762630,0.81258670,0.13331679,0.54347949,0.88829447,0.64218504,0.34935568,0.13846008,0.93314627,0.85184974,0.05816305,0.68840327,0.34887920,0.37553859,0.93083254,0.16642688,0.40682783,0.66385259,0.62287954,0.53927606]"
118,"[0.87577280,0.36043083,0.37438395,0.77656833,0.84065052,0.68280169,0.72510491,0.85896186,0.61878955,0.25132020,0.75037946,0.24007043,0.32737537,0.73972739,0.80815772,0.30281797,0.25402443,0.72134532,0.07050935,0.30198271,0.09847724,0.08626499,0.12978503,0.82042070,0.39190595,0.08762518,0.87019672,0.67504438,0.40905138,0.76415598,0.60665240,0.23346901,0.29097787,0.11194998,0.08563073,0.87896505,0.81963435,0.14461899,0.00891310,0.61520460,0.87444172,0.50329709,0.94940978,0.37703507,0.18962078,0.32293657,0.86641506,0.75470854,0.39689258,0.74624726,0.88470634,0.81785161,0.66970035,0.72786240,0.41626467,0.76514288,0.14068047,0.07151200,0.23793789,0.64476471,0.30861630,0.93149484,0.47076990,0.34654170,0.70697154,0.08135449,0.85792182,0.69857135,0.38137203,0.10647594,0.96543681,0.58422535,0.83554455,0.58592300,0.82599243,0.15336681,0.89309320,0.70124992,0.00406689,0.25809032,0.97943464,0.04994300,0.35192470,0.45040094,0.53666493,0.66644896,0.48686866,0.87877361,0.96639779,0.83659351,0.51163689,0.92068727,0.68484225,0.29149364,0.52496166,0.81593853,0.92788752,0.01351724,0.89248130,0.71211464,0.85673263,0.86564473,0.48084833,0.35528905,0.85858514,0.80799392,0.18502799,0.37464777,0.69758334,0.56399740,0.31870494,0.71559652,0.46184277,0.34654811,0.16439872,0.83409807,0.56195947,0.97822314,0.74336502,0.88404449,0.95555549,0.19349238,0.83825609,0.14687139,0.07836523,0.54913413,0.89567483,0.60264537]"
119,"[0.68399886,0.54191968,0.24049003,0.62186106,0.72833600,0.69377181,0.27799616,0.11353971,0.69946171,0.52545315,0.67881895,0.57191115,0.27316007,0.27722596,0.53531528,0.51474892,0.56469092,0.91661462,0.36701455,0.90367849,0.57012645,0.05699411,0.93576672,0.90216351,0.73875603,0.25039192,0.17107819,0.85591944,0.14741208,0.67237274,0.48831028,0.41619679,0.42971304,0.32219334,0.03430698,0.89103861,0.75668235,0.23752967,0.59281772,0.45140186,0.25939478,0.44442177,0.81906853,0.51665087,0.08064727,0.39935121,0.11494672,0.57678850,0.92333561,0.08773333,0.92183040,0.48378887,0.46201101,0.20537503,0.08941852,0.04497301,0.23846438,0.07671947,0.22358986,0.30195409,0.85108722,0.74676105,0.34940542,0.03340328,0.57532197,0.81581099,0.43767105,0.16600606,0.85977686,0.13777202,0.25131073,0.95077144,0.47622359,0.15504154,0.72695169,0.00011076,0.27733572,0.81264999,0.32739791,0.89208783,0.80870145,0.17571500,0.07939249,0.64951793,0.70651104,0.64227676,0.54443927,0.28319430,0.53358522,0.70466241,0.56058085,0.70799194,0.38036368,0.86867296,0.28486875,0.71458079,0.03677312,0.07107910,0.96211671,0.71879806,0.95632673,0.54914345,0.00054432,0.25993809,0.70435886,0.52342640,0.04007627,0.12072254,0.52007275,0.63501847,0.21180597,0.13514058,0.22287290,0.14470230,0.62849017,0.09050018,0.29587421,0.38529173,0.43026373,0.66872711,0.74544558,0.96903445,0.27098753,0.12207375,0.86883381,0.21823823,0.25164051,0.82696148]"
120,"[0.64277147,0.08044153,0.24644659,0.10622245,0.24399347,0.49530320,0.44607364,0.92229623,0.07733677,0.80428746,0.80439722,0.08173193,0.89438093,0.22177784,0.11386467,0.92256512,0.09827912,0.17767060,0.82718753,0.53369757,0.17597334,0.72041161,0.00360491,0.53718913,0.24185054,0.80243039,0.51042133,0.89078401,0.75945597,0.04432371,0.75890350,0.79567562,0.86675372,0.82886943,0.54766649,0.50399222,0.05313467,0.05367799,0.31361508,0.01797294,0.54139833,0.58147360,0.70219514,0.22226689,0.85728436,0.06908933,0.20422891,0.42710082,0.57180212,0.20029128,0.29079046,0.58666367,0.97195440,0.40221713,0.07094324,0.81638783,0.78542127,0.05640781,0.17848056,0.04731336,0.26555059,0.51719011,0.34415059,0.98692106,0.06736159,0.31380717,0.42002862,0.66402110,0.15932330,0.60539594,0.52769117,0.60502694,0.40931340,0.21370962,0.29544055,0.18982048,0.41159732,0.52546099,0.44802511,0.54630322,0.72397282,0.55115936,0.08485593,0.26082826,0.98123888,0.98484279,0.52203092,0.76388046,0.56630985,0.07673018,0.96751319,0.72696816,0.77129087,0.53019337,0.32586799,0.19262071,0.02148914,0.56915462,0.07314584,0.12627951,0.17995650,0.49357058,0.51154251,0.05293985,0.63441245,0.33660659,0.55887248,0.41615584,0.48524417,0.68947208,0.11657190,0.68837302,0.88866330,0.17945276,0.76611543,0.73806883,0.14028496,0.21122720,0.02761402,0.81303429,0.86944110,0.04792066,0.09523302,0.36078262,0.87797173,0.22212131,0.20904137,0.27640196]"
121,"[0.59020814,0.01023576,0.67425586,0.83357815,0.43897309,0.96666327,0.57168921,0.98100160,0.19471022,0.49014977,0.67996925,0.09156557,0.61702556,0.06504966,0.61135188,0.33532371,0.88648206,0.97133699,0.23216426,0.21340213,0.19824392,0.72027383,0.48415329,0.05046214,0.12719132,0.09470352,0.82167068,0.59296055,0.12315292,0.44901991,0.64163961,0.66312775,0.23228137,0.30542621,0.43170472,0.61166022,0.10522979,0.61677131,0.66971016,0.30412161,0.64072719,0.19959867,0.61575351,0.10099668,0.79046777,0.90703867,0.59541068,0.48407298,0.66352475,0.42963918,0.16770701,0.30799097,0.51921716,0.54683019,0.35986348,0.22930358,0.27722324,0.37245526,0.73323688,0.61120760,0.83332792,0.04236829,0.31876925,0.90897639,0.91921115,0.59346600,0.42704316,0.86601525,0.83267752,0.40436572,0.38536633,0.58007555,0.07022432,0.75019256,0.84175713,0.45878169,0.52383035,0.13518123,0.47050394,0.35698500,0.32832099,0.56048425,0.77388538,0.97212830,0.69240113,0.17655341,0.22701455,0.35420487,0.44890739,0.27057707,0.86353662,0.98668853,0.43570744,0.07734605,0.74047280,0.97275317,0.27817838,0.70988211,0.32154132,0.42677012,0.04354042,0.71324958,0.01737018,0.65809638,0.85769405,0.47344656,0.57444224,0.36490901,0.27194668,0.86735636,0.35142834,0.01495209,0.44459027,0.61229628,0.92028624,0.43950240,0.98633159,0.34619407,0.57549665,0.85271889,0.22517315,0.95840902,0.56961563,0.40294254,0.44530983,0.76407808,0.67305347,0.59226362]"
122,"[0.18572862,0.61277078,0.47878503,0.31146155,0.71582627,0.10119160,0.68126614,0.75148946,0.50168102,0.34343715,0.80221784,0.32604719,0.46122742,0.93173036,0.28871436,0.61703435,0.17751760,0.95140198,0.92352927,0.61592940,0.79248181,0.01949536,0.37369924,0.82260563,0.09318170,0.95671731,0.94340485,0.37911129,0.45645634,0.19692814,0.16968032,0.44785770,0.15773881,0.47927913,0.90604825,0.94958767,0.66283624,0.68020543,0.33830080,0.19599385,0.66943941,0.24388065,0.60878867,0.88073434,0.74808971,0.09951705,0.11446814,0.55905741,0.17135268,0.09163792,0.53113933,0.51746992,0.86366299,0.43915864,0.29187652,0.51704867,0.47545669,0.04507132,0.44801286,0.89332169,0.65739878,0.33045125,0.92271387,0.10844149,0.72121128,0.19999531,0.51145586,0.22728113,0.32847173,0.00973687,0.76122533,0.26290535,0.60634151,0.40855835,0.73460454,0.19583096,0.12756032,0.41627367,0.03330703,0.21082363,0.16222460,0.08575288,0.70168128,0.49416209,0.51365645,0.88735469,0.70995932,0.80314002,0.75985633,0.70326018,0.08237046,0.53882581,0.73575295,0.90543227,0.35328897,0.51102678,0.99030491,0.89635216,0.84593883,0.50877407,0.18897850,0.52727830,0.72327115,0.39270956,0.63658921,0.24537688,0.12611022,0.87419893,0.97371498,0.08818212,0.64723853,0.81859021,0.91022713,0.44136546,0.95883438,0.82249636,0.26165400,0.55352952,0.07057719,0.54603289,0.59110320,0.03911506,0.93243576,0.58983353,0.92028378,0.84299665,0.95143715,0.67264742]"
123,"[0.87264173,0.38409658,0.61137671,0.93984744,0.94958331,0.71080764,0.97371200,0.58005250,0.98860985,0.72321339,0.91904334,0.04660266,0.46287533,0.49618136,0.70700398,0.86922759,0.95497947,0.65665974,0.15082083,0.66447628,0.55182997,0.26178829,0.06492731,0.82478264,0.52804181,0.61041128,0.14923609,0.88498804,0.79041931,0.14370728,0.65473306,0.64503697,0.54138813,0.38732595,0.89609902,0.08507652,0.61235382,0.33562397,0.72833253,0.36492074,0.61029662,0.73640584,0.61060377,0.58431775,0.67249887,0.31973639,0.13832560,0.04855173,0.48991619,0.44874957,0.27124493,0.53289793,0.08642645,0.15700265,0.70303453,0.29413673,0.33325080,0.26568556,0.85551809,0.77580087,0.61879652,0.57023267,0.24287909,0.11551981,0.49961540,0.11099111,0.05083755,0.00041986,0.71122650,0.68493749,0.26498899,0.25359784,0.97681023,0.89585257,0.94245423,0.40532856,0.90150892,0.60851190,0.47773849,0.43271695,0.08937570,0.24019552,0.90467080,0.45649978,0.71828707,0.78321337,0.60799501,0.13603582,0.74644610,0.89568118,0.78066822,0.57108653,0.71479281,0.36952487,0.01456084,0.55594797,0.94327292,0.83937094,0.92444646,0.53679928,0.87242224,0.60075377,0.96567351,0.57596913,0.31237397,0.92297674,0.50729349,0.17979136,0.49952676,0.63785136,0.68640210,0.17631729,0.62506586,0.89630979,0.42920672,0.51563217,0.67263382,0.37566735,0.66980308,0.00305288,0.26873744,0.12425452,0.90005439,0.51884991,0.08908158,0.33195967,0.44747848,0.94709288]"
124,"[0.05808299,0.10891953,0.10933839,0.82056388,0.50550038,0.77048837,0.02408521,0.00089444,0.89674602,0.83919924,0.24452680,0.14603472,0.75454562,0.23228311,0.66499906,0.75437376,0.99456828,0.89923808,0.35573686,0.07402292,0.85723530,0.46522930,0.60126412,0.34770922,0.24338940,0.02405662,0.59514215,0.30993396,0.67945782,0.69401766,0.24996463,0.19323655,0.03260649,0.95705195,0.49385023,0.36627147,0.96702424,0.93269675,0.50866487,0.82103784,0.74401358,0.25130608,0.43109644,0.93062220,0.56847256,0.25487365,0.43118994,0.05625480,0.95256359,0.38176930,0.89740048,0.57003330,0.94569964,0.61550173,0.61855361,0.88729004,0.01154357,0.91159696,0.43044588,0.51952646,0.85148512,0.29896260,0.24605448,0.30413647,0.41305500,0.52239238,0.34295527,0.84845464,0.61894201,0.64302623,0.64391967,0.54066469,0.37986293,0.62438874,0.77042246,0.52496708,0.75724918,0.42224724,0.17662000,0.17118728,0.07042436,0.42616022,0.50018215,0.35741644,0.82264475,0.42390787,0.77161609,0.01500450,0.03906012,0.63420127,0.94413423,0.62359105,0.31760771,0.56757134,0.76080689,0.79341238,0.75046333,0.24431256,0.61058303,0.57760627,0.51030202,0.01896589,0.84000273,0.58401531,0.83532038,0.26641582,0.19703702,0.76550858,0.02038123,0.45157017,0.50782397,0.46038655,0.84215486,0.73955433,0.30958663,0.25528527,0.87078600,0.48933861,0.37662765,0.38817022,0.29976618,0.73021105,0.24973651,0.10122063,0.40018224,0.64623572,0.95037118,0.36342518]"
125,"[0.88581656,0.22877083,0.07722448,0.69616549,0.33919072,0.98310939,0.52377308,0.90363502,0.52802275,0.29844421,0.82341029,0.58065847,0.00290471,0.17952371,0.35070999,0.42113336,0.84729258,0.34747373,0.70488917,0.52753292,0.95143980,0.72305489,0.73805838,0.77711750,0.41131777,0.35545100,0.97904105,0.29664776,0.86421811,0.62502400,0.41843538,0.16889771,0.41320927,0.02379130,0.60139657,0.11169758,0.13066247,0.97066420,0.55467851,0.38999789,0.65641271,0.85344873,0.61895631,0.63933653,0.09090570,0.59872867,0.05911422,0.90126808,0.64082141,0.95040704,0.20569131,0.07647631,0.56581391,0.94244056,0.33060978,0.63037495,0.36058500,0.61032051,0.71154015,0.11172138,0.75795610,0.70832628,0.07175046,0.95756602,0.18633585,0.26355933,0.95972382,0.29891353,0.28202193,0.80579401,0.70942802,0.23744978,0.53589299,0.35930227,0.93995974,0.94286346,0.12238617,0.47309517,0.89422753,0.74151911,0.08899184,0.79388001,0.32141193,0.27285073,0.99590462,0.73396200,0.51107850,0.92239528,0.27784528,0.25688533,0.55353209,0.41774920,0.04277219,0.46120657,0.63010328,0.04331155,0.06710184,0.66849741,0.78019400,0.91085547,0.88151866,0.43619617,0.82619306,0.48260477,0.33605250,0.95500780,0.59434334,0.68524804,0.28397571,0.34308893,0.24435601,0.88517641,0.83558245,0.04127276,0.11774807,0.68356098,0.62600054,0.95660932,0.58698327,0.94756728,0.55788679,0.26942593,0.38114631,0.13910141,0.84742669,0.91917614,0.87674116,0.06307601]"
126,"[0.32663434,0.28635715,0.58526968,0.86729061,0.67308362,0.38251064,0.61995941,0.15585140,0.51515267,0.45511142,0.39797388,0.52035905,0.99345322,0.88767974,0.62919785,0.71818869,0.51206770,0.83347863,0.10632836,0.10223198,0.83619298,0.34727048,0.26966476,0.54750904,0.80439336,0.35792445,0.77567265,0.81844384,0.27964941,0.90975169,0.95306224,0.02016308,0.68865949,0.46885249,0.37970696,0.26122462,0.69741979,0.52361185,0.00621562,0.34226711,0.29727392,0.89161626,0.57686330,0.86083801,0.20392594,0.44828094,0.33345636,0.16903781,0.21030957,0.32805664,0.01161662,0.63761616,0.59422448,0.18120675,0.12877303,0.68665881,0.95608375,0.33722906,0.47632947,0.32375516,0.24293030,0.11967047,0.18274548,0.50937881,0.79573496,0.38100365,0.24829325,0.92137587,0.30388551,0.92384392,0.07969432,0.59484600,0.04995641,0.44792929,0.96828734,0.96173956,0.84941830,0.47861515,0.19680283,0.70886953,0.54234716,0.64867452,0.75090549,0.58709747,0.93436696,0.20403072,0.75153875,0.55593111,0.91385457,0.68952621,0.50796906,0.78761747,0.69736816,0.65042940,0.67059148,0.35924997,0.82810146,0.20780742,0.46903104,0.16644983,0.69006068,0.69627530,0.03854141,0.33581433,0.22742958,0.80429188,0.66512889,0.86905383,0.31733377,0.65078913,0.81982594,0.03013451,0.35819015,0.36980577,0.00742093,0.60164441,0.78285016,0.91162219,0.59828000,0.55436275,0.89159081,0.36791929,0.69167345,0.93460275,0.05427222,0.23701669,0.74639451,0.54212847]"
127,"[0.92313111,0.17142337,0.09279824,0.39668274,0.32052566,0.40021899,0.99506398,0.04501940,0.49294769,0.46123403,0.42297258,0.27238988,0.75100402,0.94780586,0.65667438,0.19902054,0.84769406,0.59859855,0.18569503,0.12006098,0.32409070,0.07562845,0.63155856,0.54541213,0.23493734,0.74290540,0.53052187,0.22788903,0.87831742,0.54890790,0.90815687,0.73625734,0.94406376,0.41309380,0.57954264,0.26960232,0.96587661,0.00441702,0.34023035,0.56765893,0.37194981,0.03707770,0.90613053,0.22346330,0.87425143,0.69407636,0.72420987,0.08239902,0.45220379,0.45962371,0.06126712,0.84411628,0.75573747,0.35401647,0.90837822,0.79996804,0.16788632,0.85955877,0.79416052,0.84843173,0.08544743,0.83184093,0.37396840,0.29709851,0.46852088,0.56131811,0.95799986,0.27852452,0.67874251,0.67380549,0.71882388,0.21177057,0.67300360,0.09597518,0.36836405,0.11936708,0.06717193,0.72384532,0.92286486,0.77055791,0.36915547,0.55484949,0.67490947,0.99899917,0.07462661,0.70618417,0.25159530,0.48653164,0.22943603,0.75995690,0.98784493,0.86616135,0.41506825,0.32322412,0.05948046,0.00354322,0.41663603,0.99617767,0.26577898,0.23165460,0.23607062,0.57629996,0.14395789,0.51590670,0.55298340,0.45911293,0.68257522,0.55682565,0.25090101,0.97510989,0.05750791,0.50971069,0.96933341,0.03059953,0.87471481,0.63045129,0.98446676,0.89284398,0.69281102,0.86069634,0.72025410,0.51441362,0.36284435,0.44829078,0.28013071,0.65409811,0.95119562,0.41971550]"
128,"[0.98103261,0.93903147,0.21755499,0.89629650,0.57010099,0.28892387,0.50069344,0.17369604,0.26967021,0.63803327,0.75739934,0.82457028,0.54841459,0.47127845,0.24183536,0.61098982,0.16583832,0.84074679,0.83974496,0.91437057,0.62055374,0.87214804,0.35867868,0.58811372,0.34806962,0.33591354,0.20207389,0.61714114,0.94036427,0.99984373,0.00338596,0.42002098,0.41619765,0.68197563,0.91362923,0.14969885,0.72599781,0.86995470,0.38586041,0.93884281,0.39795473,0.08052896,0.63735361,0.88825362,0.86336251,0.92086942,0.43057911,0.39991151,0.43051004,0.30522386,0.93567415,0.92013991,0.81298289,0.50579291,0.36648824,0.08674135,0.60115397,0.96399732,0.41228710,0.69241681,0.34651392,0.29770855,0.71742305,0.69845466,0.63748513,0.85503912,0.75133461,0.32143460,0.61035747,0.11104991,0.28474494,0.55441415,0.19244642,0.94984476,0.77441404,0.32282763,0.79410508,0.03593944,0.64692826,0.81276558,0.65351136,0.49325532,0.40762489,0.02817763,0.90032468,0.25900236,0.84711508,0.19518369,0.53109624,0.73316913,0.35030927,0.29067254,0.29051527,0.29390023,0.71392021,0.13011686,0.81209150,0.72571973,0.87541757,0.60141438,0.47136809,0.85722749,0.79606930,0.19402303,0.27455099,0.91190360,0.80015623,0.66351774,0.58438615,0.01496426,0.41487478,0.84538382,0.15060668,0.08627983,0.00641873,0.81940062,0.32519253,0.69167977,0.77842011,0.37957308,0.34356940,0.75585550,0.44827132,0.79478424,0.09249178,0.80991383,0.50836749,0.14585162]"
129,"[0.00088973,0.75222335,0.07365695,0.68401341,0.79506232,0.07980627,0.63421942,0.82666484,0.77650860,0.55092164,0.87374827,0.66785235,0.70379079,0.35071805,0.16348262,0.81699299,0.31024731,0.71787120,0.74604783,0.64637151,0.90537287,0.75248695,0.94766964,0.47876488,0.21193301,0.56224129,0.85291283,0.14342710,0.43732633,0.15124554,0.28136140,0.09345190,0.81917063,0.69458721,0.29600059,0.76736768,0.62459417,0.42066246,0.61468450,0.88923449,0.80113709,0.60129232,0.26480905,0.84919421,0.86415747,0.27903125,0.12441407,0.27501975,0.36129858,0.36771631,0.18711593,0.51230746,0.20398622,0.98240534,0.36197742,0.70554582,0.46140032,0.90967064,0.70445388,0.79694466,0.60685749,0.11522398,0.26107460,0.26196333,0.01418568,0.08784162,0.77185404,0.56691536,0.64672062,0.28093904,0.10760288,0.88411048,0.43503113,0.30877840,0.97662975,0.68041953,0.03113658,0.19461821,0.01161019,0.32185650,0.03972670,0.78577353,0.43214404,0.33751591,0.09000186,0.03767050,0.51643438,0.72836639,0.29060667,0.14351850,0.28694460,0.72426993,0.87551446,0.15687487,0.25032577,0.06949540,0.76408161,0.06008119,0.82744787,0.45204104,0.87270250,0.48738600,0.37661949,0.17775558,0.77904690,0.04385495,0.89304816,0.75720463,0.03623487,0.16064794,0.43566669,0.79696427,0.16467958,0.35179451,0.86410097,0.06808619,0.05049053,0.41246695,0.11801177,0.57941110,0.48908073,0.19353361,0.99047728,0.59733377,0.71255675,0.97363035,0.23559268,0.24977735]"
130,"[0.33761797,0.10947101,0.67638537,0.32310499,0.60404303,0.71164491,0.59575439,0.03078452,0.33956192,0.31619067,0.99660921,0.02774479,0.22236199,0.23397119,0.55582669,0.59555239,0.38132492,0.81346796,0.15098287,0.24098373,0.27865323,0.79508661,0.52345199,0.81405767,0.95757517,0.24451876,0.96878769,0.84430115,0.00117502,0.25149979,0.32099419,0.08507480,0.14515499,0.97260186,0.42464190,0.29734339,0.78472839,0.16134688,0.33910146,0.11814735,0.16200130,0.05504846,0.81225209,0.84848596,0.00913290,0.44479860,0.24176187,0.40644045,0.75823396,0.62233393,0.69041912,0.74090865,0.15337460,0.27138537,0.85079547,0.33987520,0.53340782,0.52388409,0.12121686,0.83377261,0.80740196,0.04299364,0.29276999,0.63038696,0.73985697,0.41624134,0.73934532,0.34338735,0.05503126,0.65078466,0.68156818,0.02112910,0.33731877,0.33392697,0.36167076,0.58403175,0.81800194,0.37382763,0.96937902,0.35070294,0.16416991,0.31515178,0.55613451,0.83478674,0.62987234,0.15332333,0.96738000,0.92495417,0.16947193,0.13825862,0.98255878,0.98373280,0.23523159,0.55622478,0.64129858,0.78645257,0.75905343,0.18369432,0.48103672,0.26576411,0.42710999,0.76621044,0.88435679,0.04635710,0.10140456,0.91365564,0.76214060,0.77127251,0.21607011,0.45783098,0.86427043,0.62250339,0.24483632,0.93525444,0.67616209,0.82953569,0.10092007,0.95171453,0.29158874,0.82499555,0.34887864,0.47009451,0.30386612,0.11126708,0.15425971,0.44702870,0.07741466,0.81727063]"
131,"[0.23351097,0.97285529,0.31624165,0.37127191,0.02205557,0.70362275,0.72475085,0.06206862,0.39599459,0.75766435,0.34169511,0.15969605,0.53352268,0.50290070,0.85360264,0.01777155,0.33292233,0.88905584,0.72384157,0.35371291,0.50703525,0.47441425,0.39936742,0.56883835,0.70709597,0.68965375,0.67338554,0.90861613,0.46483991,0.10613749,0.89258905,0.65164148,0.83533480,0.31637052,0.58213363,0.00924261,0.77545206,0.65980785,0.70616394,0.80756750,0.72122214,0.48336175,0.25463326,0.47070236,0.92853234,0.79280177,0.41530415,0.66013947,0.59539291,0.27155400,0.10108869,0.20200775,0.15372129,0.44530902,0.27030358,0.61918122,0.08927472,0.39313984,0.50440592,0.65866463,0.10569233,0.18310599,0.00037563,0.23388560,0.20673989,0.52298054,0.89425145,0.91630601,0.61992776,0.34467761,0.40674522,0.80273881,0.56040216,0.90209627,0.06179131,0.59531299,0.09821269,0.95181434,0.96958489,0.30250622,0.19156105,0.91540162,0.26911354,0.77614779,0.25056103,0.64992745,0.21876480,0.92585977,0.61551252,0.28889706,0.19751219,0.66235110,0.76848759,0.66107564,0.31271612,0.14804993,0.46441945,0.04655207,0.05579369,0.83124474,0.49105159,0.19721454,0.00478104,0.72600218,0.20936293,0.46399518,0.93469655,0.86322789,0.65602865,0.07133180,0.73147027,0.32686218,0.59841517,0.69950286,0.90150962,0.05522990,0.50053793,0.77084050,0.39002072,0.47929445,0.87243329,0.37683821,0.03550184,0.14119317,0.32429816,0.32467279,0.55855739,0.76529628]"
132,"[0.28827582,0.18252627,0.09883128,0.71875804,0.06343465,0.47017887,0.27291668,0.83331785,0.73541311,0.79720343,0.39251542,0.49072712,0.44254046,0.41212434,0.71462956,0.90618961,0.82159024,0.09070277,0.86684956,0.11740959,0.76733605,0.98609985,0.91195861,0.52747013,0.81636619,0.01387738,0.67622748,0.44471407,0.10578871,0.41850383,0.56655276,0.03097121,0.07752228,0.13331497,0.96455871,0.45560930,0.65282284,0.65760288,0.38360406,0.59296598,0.05696017,0.99165571,0.85488260,0.51091025,0.58224106,0.31371033,0.64057151,0.23898568,0.93848754,0.83999616,0.89522506,0.39576199,0.16660149,0.55662122,0.03591467,0.90834696,0.28518417,0.32068501,0.46187718,0.78617435,0.11084614,0.66940253,0.43469781,0.72297263,0.90549789,0.00432817,0.72308522,0.78651886,0.25669673,0.52961242,0.36292926,0.09834138,0.89554381,0.28805823,0.77878435,0.22132380,0.63344715,0.34807571,0.25426432,0.07585355,0.16655533,0.03340389,0.15081248,0.91814752,0.90424637,0.81620398,0.34367311,0.16003830,0.17391468,0.85014116,0.29485422,0.40064193,0.81914477,0.38569653,0.41666673,0.49418801,0.62750198,0.59205969,0.04766800,0.70048984,0.35809171,0.74169477,0.33465975,0.39161892,0.38327363,0.23815523,0.74906449,0.33130454,0.64501387,0.28558437,0.52456905,0.46305559,0.30305075,0.19827481,0.59403580,0.76063630,0.31725652,0.35317019,0.26151615,0.54669932,0.86738333,0.32925951,0.11543286,0.22627799,0.89567952,0.33037633,0.05334795,0.95884485]"
133,"[0.96317202,0.68625624,0.47277410,0.72946984,0.25908125,0.62200952,0.72034989,0.61589270,0.90394993,0.68273327,0.90405607,0.53750222,0.88557693,0.13984024,0.21569279,0.38224712,0.41565001,0.56646149,0.48460801,0.38885338,0.20505636,0.54872848,0.70876578,0.88267945,0.73281961,0.02767284,0.42831377,0.24745754,0.63315307,0.04981880,0.54400581,0.17150679,0.76356548,0.81123248,0.51172131,0.86981203,0.61150580,0.94616455,0.33778247,0.72105510,0.95920934,0.70827282,0.03957636,0.68458923,0.97017261,0.49474066,0.95779525,0.26084501,0.45911882,0.05315362,0.81378892,0.13104444,0.48421362,0.74572877,0.29242709,0.15980941,0.48906792,0.60449978,0.83077677,0.72645529,0.05683062,0.11017757,0.06902142,0.03219244,0.71844768,0.19122078,0.92068962,0.17976987,0.80177839,0.52212728,0.13801898,0.04196790,0.72470018,0.62875525,0.16625647,0.05183240,0.19167164,0.40736343,0.78960955,0.20525856,0.77171905,0.25632606,0.64517843,0.85023380,0.39896127,0.10772605,0.99040450,0.72322311,0.75089495,0.17920772,0.42666426,0.05981632,0.10963412,0.65363893,0.82514472,0.58870921,0.39994068,0.91166100,0.78147203,0.39297682,0.33914037,0.67692184,0.39797595,0.35718428,0.06545610,0.10503146,0.78961969,0.75979130,0.25453096,0.21232521,0.47316922,0.93228704,0.98543966,0.79922758,0.93027102,0.41448364,0.16021141,0.45263749,0.61244591,0.10151283,0.70601161,0.53678738,0.26324167,0.32007128,0.43024786,0.49926828,0.53145972,0.24990640]"
134,"[0.44112618,0.36181480,0.54158367,0.34336106,0.86548734,0.00350532,0.04547222,0.77017140,0.39892565,0.56518112,0.61701252,0.80868316,0.21604560,0.00565415,0.21091171,0.98262976,0.23895481,0.88413225,0.73436504,0.13332532,0.24105037,0.23145387,0.95467598,0.70556993,0.88477665,0.31143991,0.37125524,0.48088836,0.13452629,0.95967001,0.54837822,0.94831790,0.85997790,0.64144893,0.03442475,0.37356413,0.05048497,0.44845992,0.80564320,0.87109830,0.97612876,0.76574746,0.52553776,0.78006772,0.99239193,0.46556015,0.39784619,0.38328485,0.18251142,0.11278144,0.52726408,0.68747449,0.14011098,0.75255589,0.85406772,0.56007833,0.09686470,0.36010537,0.68017565,0.11042251,0.60968979,0.14114851,0.39105391,0.83217910,0.19399290,0.73557557,0.07893563,0.94442197,0.94792629,0.99339752,0.76356792,0.16249257,0.72767270,0.34468422,0.15336638,0.36941097,0.37506412,0.58597484,0.56860359,0.80755741,0.69168865,0.42605270,0.55937701,0.80042638,0.03187925,0.98655423,0.69212316,0.57689882,0.88833773,0.25959197,0.74047933,0.87500462,0.83467363,0.38305085,0.33136775,0.19134466,0.83279259,0.86721634,0.24077947,0.29126344,0.73972236,0.54536456,0.41646186,0.39258962,0.15833608,0.68387284,0.46393955,0.45633048,0.92188963,0.31973482,0.70301867,0.88552909,0.99830953,0.52557261,0.21304610,0.35315608,0.10571097,0.95977770,0.51985502,0.61671872,0.97682309,0.65699775,0.76741926,0.37710804,0.51825555,0.90930847,0.74148656,0.93547846]"
135,"[0.67105303,0.74998767,0.69440864,0.64233393,0.63573045,0.39929737,0.56178894,0.28946063,0.63414385,0.78750923,0.15691920,0.53198233,0.11795616,0.68655876,0.49411516,0.18580281,0.61185451,0.17123052,0.97165590,0.00353415,0.99008738,0.68220954,0.25910736,0.14744409,0.40703505,0.14751338,0.02251699,0.85718962,0.24023947,0.57160622,0.76294988,0.59574147,0.46295681,0.70373528,0.99499772,0.73471908,0.28008264,0.69654350,0.08913212,0.24746720,0.93133903,0.39527759,0.85160707,0.77349570,0.09322952,0.79624719,0.68177528,0.68008381,0.20565542,0.41870052,0.77185560,0.87756557,0.83734227,0.35719629,0.97391402,0.95073611,0.60773285,0.37515111,0.75225815,0.27051271,0.17982018,0.92130574,0.85678320,0.52783523,0.27782190,0.97222954,0.61456247,0.25029192,0.64958828,0.21137622,0.50083585,0.13497870,0.92248693,0.07940514,0.61138647,0.72934163,0.41589938,0.91001355,0.09581536,0.70766887,0.87889839,0.85055329,0.85408644,0.84417281,0.52638135,0.78548771,0.93293079,0.33996485,0.48747722,0.50999322,0.36718184,0.60742031,0.17902554,0.94197442,0.53771488,0.00067069,0.70440496,0.69940168,0.43411976,0.71420140,0.41074389,0.49987501,0.74734121,0.67867925,0.07395583,0.92556190,0.69905661,0.79228513,0.58853132,0.27030559,0.95038840,0.15604282,0.57474233,0.34659693,0.22416151,0.06150277,0.41869807,0.39261108,0.34334619,0.95107805,0.32622815,0.07848531,0.34899702,0.52881619,0.45012093,0.30690313,0.83473736,0.11255826]"
136,"[0.08478679,0.69934826,0.94963918,0.59922646,0.81060168,0.31143653,0.44641424,0.36890017,0.44830431,0.05968977,0.78903040,0.20492879,0.11494133,0.21075569,0.91842356,0.79732094,0.64787323,0.50195867,0.34613048,0.87251083,0.65799754,0.59092733,0.93089118,0.41836740,0.92835962,0.29554046,0.90295978,0.08198431,0.02395773,0.56167161,0.56234129,0.26674525,0.96614593,0.40026469,0.11446509,0.52520798,0.02508200,0.77242221,0.45110045,0.52505529,0.45061619,0.14967179,0.94195592,0.53048624,0.80079083,0.75117823,0.90722005,0.48196138,0.82855731,0.05271782,0.11421959,0.53291666,0.92552674,0.26887193,0.21994898,0.54617613,0.62466044,0.97365646,0.50247165,0.95259158,0.25949371,0.09423007,0.20678733,0.29157312,0.99092038,0.94055856,0.53978402,0.35038470,0.66182023,0.10823347,0.47713263,0.92543594,0.98512471,0.77415411,0.97908190,0.09402223,0.30477692,0.22319947,0.02051942,0.66839165,0.17034932,0.51647880,0.38898863,0.04698517,0.63791150,0.56880168,0.98716809,0.91552671,0.21106617,0.11402494,0.19600825,0.21996498,0.78163559,0.34397588,0.61072013,0.57686506,0.97712875,0.09159284,0.61679983,0.64188082,0.41430203,0.86540149,0.39045577,0.84107096,0.99074175,0.93269667,0.46318191,0.26397174,0.01514897,0.92236802,0.40432840,0.23288472,0.28560154,0.39982013,0.93273579,0.85826154,0.12713247,0.34708045,0.89325558,0.51791503,0.49157049,0.99404114,0.94663172,0.20612443,0.30035350,0.50713982,0.79871194,0.78963132]"
137,"[0.73018888,0.26997189,0.62035559,0.28217482,0.39040729,0.86753892,0.79297386,0.77809757,0.55225069,0.53133158,0.62535281,0.93012873,0.15332720,0.17384562,0.84223627,0.01258458,0.52906238,0.91805001,0.96503418,0.60294469,0.17174537,0.15891245,0.07443816,0.28550333,0.39952727,0.59553452,0.81549850,0.59713309,0.94110797,0.55182710,0.12869116,0.10581891,0.19741075,0.81420958,0.45608940,0.87039044,0.73579092,0.12624570,0.96731566,0.95805641,0.89075208,0.35393299,0.61790373,0.63305170,0.55541872,0.95974612,0.19262984,0.47823038,0.87804951,0.81078430,0.66904484,0.79617631,0.14325575,0.03651034,0.55442436,0.04599385,0.04003399,0.98666470,0.19278813,0.49314063,0.00027945,0.79899039,0.58862071,0.31880859,0.58877948,0.20913407,0.49130789,0.88171418,0.74925210,0.54222496,0.32032153,0.87257122,0.40390181,0.02925362,0.95938135,0.11270755,0.28655217,0.12878744,0.14137102,0.67043240,0.58848141,0.55351459,0.15645828,0.32820264,0.48711409,0.56155125,0.84705358,0.24657984,0.84211337,0.65761087,0.25474296,0.19584992,0.74767602,0.87636618,0.98218409,0.17959384,0.99380242,0.44989082,0.32028026,0.05607019,0.18231488,0.14962954,0.10768495,0.99843602,0.35236801,0.97027074,0.60332144,0.15873915,0.11848428,0.31111311,0.78934249,0.66739100,0.47817430,0.14721814,0.94339344,0.08664820,0.12315754,0.67758090,0.72357375,0.76360674,0.75027044,0.94305757,0.43619720,0.43647564,0.23546503,0.82408475,0.14289233,0.73167081]"
138,"[0.94080389,0.43211078,0.31382396,0.06307506,0.60529902,0.92561956,0.79818978,0.20209058,0.23134320,0.19072355,0.30343010,0.58998127,0.71876771,0.86013772,0.53056912,0.11904953,0.67256312,0.82902040,0.15722204,0.64433513,0.20588538,0.05293796,0.29951680,0.14162917,0.79923904,0.05398100,0.24982992,0.99750494,0.87387011,0.85605320,0.03564604,0.02944746,0.47933728,0.79961655,0.85568573,0.03799961,0.18762815,0.29531210,0.29374712,0.64611413,0.61638387,0.21970431,0.37844246,0.49692574,0.80803785,0.59737934,0.26476934,0.74294264,0.89015978,0.83355223,0.92019943,0.04335596,0.72093586,0.44450861,0.20811435,0.95838379,0.90144036,0.33763655,0.77411120,0.00957523,0.83365898,0.97655031,0.70822012,0.64902301,0.08113279,0.39495575,0.45802981,0.06332783,0.98894639,0.78713516,0.98922474,0.22056694,0.41128949,0.71471859,0.30469886,0.02346557,0.88360229,0.41417041,0.53321894,0.20578107,0.03480046,0.19202150,0.83635563,0.04224002,0.09517697,0.39469278,0.53632095,0.33555899,0.38953898,0.63936790,0.63687184,0.51074095,0.36679315,0.40243819,0.43188465,0.91122093,0.71083648,0.56652121,0.60451982,0.79214697,0.08745807,0.38120419,0.02731732,0.64370019,0.86340350,0.24184496,0.73876969,0.54680654,0.14418488,0.40895323,0.15189487,0.04205365,0.87560488,0.79580330,0.83915827,0.56009313,0.00460074,0.21271408,0.17109687,0.07253623,0.41017178,0.18428197,0.19385621,0.02751418,0.00406349,0.71228261,0.36130463,0.44243642]"
139,"[0.83739117,0.29541998,0.35874681,0.34769220,0.13482636,0.12405011,0.34461605,0.75590455,0.47062214,0.77532000,0.79878457,0.68238586,0.09655528,0.62977322,0.83555329,0.87035275,0.06237325,0.89872788,0.94096690,0.03614287,0.43083465,0.96715460,0.30271258,0.69225056,0.33161747,0.96848830,0.47922825,0.84602040,0.24845759,0.68034124,0.59156118,0.30239665,0.86891686,0.47343569,0.26558166,0.35303873,0.73424192,0.76155824,0.40525743,0.26865993,0.51050389,0.24927258,0.79607813,0.94026201,0.34921424,0.50110811,0.54316076,0.41876464,0.21456695,0.05372421,0.61381634,0.61841608,0.83112916,0.00222503,0.07476026,0.48493104,0.66921201,0.86306722,0.89058040,0.89464289,0.60692451,0.96822813,0.41066355,0.24805372,0.54347270,0.90221851,0.24990971,0.38473508,0.50878419,0.85339924,0.60930278,0.07992392,0.85524292,0.65402649,0.33641136,0.43296564,0.06273786,0.89829014,0.76864189,0.83101414,0.72974103,0.67070692,0.70684880,0.13768244,0.10483604,0.40754762,0.09979719,0.43141365,0.39990096,0.87912821,0.72514761,0.97360421,0.65394445,0.24550463,0.54790028,0.41681615,0.89025083,0.15583149,0.50886922,0.24311014,0.00466739,0.40992382,0.67858275,0.18908564,0.43835723,0.23443435,0.17469536,0.52390860,0.02501571,0.56817548,0.98693912,0.20150507,0.25522828,0.86904363,0.48745870,0.31858687,0.32081090,0.39557016,0.88050020,0.54971121,0.41277743,0.30335684,0.19799873,0.80492224,0.77314937,0.18381192,0.43186464,0.97533634]"
140,"[0.87755385,0.12746256,0.51219664,0.02097983,0.87437806,0.48367985,0.56360277,0.41884469,0.07287019,0.40928055,0.84224518,0.90498204,0.80327118,0.57191208,0.40292522,0.13266524,0.80337117,0.51021896,0.64790041,0.75273545,0.16028207,0.26007826,0.69149091,0.09139087,0.97051808,0.69566469,0.66926790,0.32321135,0.56871498,0.11661426,0.53342941,0.42367924,0.57950973,0.08837796,0.33148710,0.33615349,0.74607631,0.42465807,0.61374271,0.05209894,0.28653229,0.46122665,0.98513426,0.01014897,0.57832345,0.56526157,0.76676564,0.02199293,0.89103555,0.37849326,0.69707912,0.01788903,0.41345819,0.29395739,0.84366761,0.25644404,0.55979988,0.75779760,0.56271884,0.33586721,0.51967813,0.95154177,0.92687711,0.80442996,0.93189152,0.44408716,0.46506599,0.33944305,0.82312190,0.38672367,0.80556736,0.87843655,0.28771609,0.12996028,0.03494131,0.83821150,0.41012257,0.81304679,0.94571104,0.74908121,0.25929917,0.90719858,0.65993303,0.82021410,0.08029135,0.77178126,0.86317113,0.83368821,0.52935190,0.19861880,0.52182915,0.09054312,0.20715638,0.74058479,0.16426303,0.74377176,0.83214872,0.16363483,0.49978732,0.24586263,0.67051970,0.28426141,0.33635934,0.62289063,0.08411628,0.06924954,0.07939751,0.65771996,0.22298053,0.98974518,0.01173710,0.90277166,0.28126391,0.97834204,0.99623007,0.40968726,0.70364365,0.54731025,0.80375329,0.36355217,0.12134877,0.68406661,0.01993282,0.53960995,0.49115072,0.41802683,0.22245579,0.15434631]"
141,"[0.59843247,0.06349746,0.40293951,0.22606041,0.61278308,0.41834944,0.29678499,0.58450009,0.71445936,0.74939968,0.58761017,0.99773175,0.81077754,0.75648758,0.50556779,0.76486596,0.67206354,0.33199556,0.15220866,0.23249901,0.00427927,0.86744940,0.70113661,0.23048750,0.42910530,0.95093344,0.04147557,0.24863095,0.98921474,0.15347677,0.89724753,0.72939526,0.89302908,0.39281540,0.63867703,0.30919573,0.59345613,0.92981447,0.55270410,0.63681939,0.70606793,0.78546444,0.44318340,0.66616294,0.65590711,0.66764322,0.57041388,0.85167679,0.83001783,0.82624690,0.23593315,0.93957580,0.48688505,0.29063734,0.65418850,0.77553627,0.45960188,0.47953370,0.01914265,0.51029237,0.92831820,0.15077299,0.30511830,0.90354977,0.96704623,0.36998474,0.59604416,0.20882624,0.62717468,0.92395867,0.50845775,0.22291612,0.97231479,0.55992396,0.55765471,0.36843125,0.12491784,0.63048462,0.39534958,0.06741212,0.39940668,0.55161434,0.78411235,0.78839062,0.65583902,0.35697463,0.58746113,0.01656543,0.96749787,0.00897243,0.25760238,0.24681612,0.40029189,0.29753842,0.02693268,0.91996076,0.31277516,0.95145119,0.26064592,0.85410105,0.78391453,0.33661763,0.97343602,0.67950294,0.46496638,0.90814878,0.57431072,0.23021683,0.89785905,0.46827192,0.31994771,0.14996454,0.97621044,0.21214259,0.15171739,0.63860144,0.92923778,0.58342529,0.35896056,0.81856144,0.29809414,0.31723580,0.82752717,0.75584437,0.90661636,0.21173366,0.11528243,0.08232766]"
142,"[0.45231141,0.04835456,0.25717980,0.88435348,0.80831114,0.31676790,0.53968301,0.51199680,0.07191977,0.62957348,0.99800373,0.12292057,0.75340419,0.14875278,0.21616390,0.61556958,0.16718292,0.95129426,0.73968388,0.39552191,0.75249553,0.33995566,0.35652009,0.32401696,0.33298839,0.59058977,0.83740490,0.23769579,0.53523321,0.56216489,0.48212465,0.79489881,0.74634901,0.00699393,0.86109398,0.64500751,0.98162414,0.95505916,0.63456110,0.09952648,0.00767426,0.58198398,0.81219981,0.71005786,0.17832878,0.49827550,0.64823904,0.62444849,0.83659008,0.98830647,0.62690691,0.55614370,0.13956798,0.49852754,0.31708798,0.61518113,0.93241592,0.75994209,0.51578546,0.42240082,0.63413348,0.74941491,0.83174157,0.28405198,0.33240554,0.58958434,0.47393681,0.28224696,0.59901385,0.13869587,0.65069167,0.72261044,0.35218292,0.35018565,0.47310522,0.22650841,0.37526019,0.59142309,0.20699167,0.37417358,0.32546685,0.06514973,0.46067064,0.21316517,0.55311983,0.90963892,0.23365488,0.56664226,0.15723104,0.99463493,0.23232972,0.76756193,0.32972582,0.81184947,0.60674728,0.35309528,0.36008821,0.22118119,0.86618770,0.84781084,0.80286899,0.43742909,0.53695458,0.54462784,0.12661082,0.93880963,0.64886649,0.82719428,0.32546878,0.97370682,0.59815431,0.43474338,0.42304886,0.04995477,0.60609746,0.74566445,0.24419099,0.56127797,0.17645810,0.10887302,0.86881411,0.38459857,0.80699839,0.44113086,0.19054477,0.02228534,0.30633631,0.63874085]"
143,"[0.22832419,0.70226000,0.98450596,0.58351881,0.72221368,0.37290435,0.09551379,0.44769571,0.79788036,0.27098458,0.49749200,0.87275119,0.46417328,0.67116395,0.04533653,0.37080238,0.43595111,0.89662075,0.10978493,0.66290376,0.57254168,0.80619556,0.37283682,0.53006686,0.52470079,0.75702951,0.52459044,0.85431525,0.66616372,0.27291000,0.62600428,0.98609149,0.20727167,0.07345837,0.92126821,0.72413620,0.16156429,0.69851787,0.24314471,0.36975453,0.30856316,0.95742866,0.78462193,0.11008971,0.08379553,0.68194883,0.11669122,0.53973907,0.58969284,0.19578931,0.94145275,0.18564274,0.74691971,0.92337681,0.03224883,0.90106194,0.28565951,0.09265690,0.53378677,0.72433054,0.74661487,0.05295019,0.69169004,0.92001323,0.62227223,0.60677719,0.19029500,0.91250768,0.28541103,0.38092382,0.82861853,0.62649789,0.89748147,0.39497247,0.26772265,0.73189493,0.40305788,0.44839341,0.81919479,0.25514491,0.15176466,0.26154859,0.92445135,0.49699203,0.30318658,0.67602240,0.20608826,0.73078805,0.48781656,0.01240600,0.86672026,0.53288298,0.80579197,0.43179525,0.41788574,0.62515641,0.69861378,0.61988099,0.34401619,0.50557949,0.20409636,0.44724007,0.81699360,0.12555576,0.08298341,0.86760435,0.97769305,0.06148758,0.74343542,0.86012564,0.39986371,0.98955555,0.18534386,0.12679561,0.31243735,0.05935606,0.98273187,0.01497970,0.91604064,0.20169915,0.29435505,0.82814082,0.55247036,0.29908423,0.35203342,0.04372246,0.96373469,0.58600593]"
144,"[0.19278211,0.38307611,0.29558279,0.58099282,0.96191563,0.79053316,0.41703004,0.31451051,0.70948198,0.97720363,0.70909757,0.11215445,0.56054686,0.37974065,0.63488456,0.78664822,0.04819580,0.97264615,0.46963718,0.77282276,0.44884417,0.65493143,0.38571849,0.87353405,0.88593905,0.75265831,0.28554028,0.09133126,0.52312551,0.94101025,0.56616566,0.26477845,0.88465844,0.22867363,0.73425212,0.93834748,0.38558655,0.20257914,0.32813390,0.41111631,0.27871966,0.25641171,0.31789829,0.06133271,0.92145735,0.32132006,0.31087461,0.49621747,0.62301208,0.93544843,0.99480349,0.97753435,0.99251305,0.90855269,0.11025084,0.40460490,0.23274472,0.78521408,0.08429731,0.43632973,0.48005119,0.44378488,0.02978981,0.22257092,0.60564603,0.90122782,0.48221964,0.44413427,0.23466643,0.65169547,0.96620499,0.67568596,0.65288860,0.36198517,0.47413861,0.03468447,0.41442412,0.04930768,0.83595490,0.88414970,0.85679485,0.32643103,0.09925280,0.54809597,0.20302640,0.58874389,0.46227694,0.34821499,0.10087230,0.38641158,0.47774184,0.00086635,0.94187560,0.50804026,0.77281771,0.65747515,0.88614778,0.62039890,0.55874538,0.94433093,0.14690907,0.47504197,0.88615728,0.16487593,0.42128664,0.73918394,0.80051565,0.72197200,0.04329105,0.35416466,0.85038113,0.47339221,0.40883963,0.40364212,0.38117547,0.37368752,0.28223921,0.39248905,0.79709295,0.02983667,0.81504974,0.89934605,0.33567478,0.81572497,0.25950885,0.28929766,0.51186758,0.11751261]"
145,"[0.01873944,0.50095807,0.94509135,0.17975677,0.83145124,0.79765523,0.47334019,0.12622779,0.48821196,0.96234957,0.99703305,0.41145617,0.46076285,0.29671675,0.18086545,0.03765930,0.36408934,0.46334114,0.01143611,0.21446151,0.80320440,0.26548033,0.61369432,0.71456561,0.10097619,0.57871703,0.57958238,0.52145698,0.02949624,0.80231294,0.45978709,0.34593387,0.96633177,0.52507615,0.46940607,0.61631414,0.09135511,0.97751138,0.14238631,0.56367196,0.30285489,0.10336954,0.82534054,0.86863059,0.22279425,0.07317438,0.54656559,0.95540422,0.35904534,0.74021981,0.11390633,0.39614455,0.78863260,0.58572455,0.61556022,0.43060896,0.32995401,0.66562779,0.48135176,0.74085960,0.03015626,0.54202284,0.65953445,0.67827289,0.17922996,0.12432031,0.30407608,0.13552632,0.93318055,0.40651975,0.53274654,0.02095750,0.98330607,0.98033812,0.39179329,0.85255514,0.14927089,0.33013534,0.36779365,0.73188199,0.19522213,0.20665723,0.42111774,0.22432114,0.48980047,0.10349379,0.81805840,0.91903360,0.49774963,0.07733101,0.59878699,0.62828222,0.43059417,0.89038026,0.23631312,0.20264389,0.72771904,0.19712411,0.81343725,0.90479136,0.88230175,0.02468706,0.58835802,0.89121191,0.99458045,0.81991998,0.68854957,0.91134282,0.98451620,0.53108079,0.48648401,0.84552835,0.58574716,0.69965250,0.09579604,0.88442764,0.47015120,0.08571042,0.51631838,0.84627139,0.51189819,0.99324894,0.73410754,0.76426280,0.30628464,0.96581809,0.64408998,0.82331894]"
146,"[0.94763824,0.25171332,0.38723864,0.32041819,0.72693694,0.25968248,0.28063897,0.26394405,0.24428117,0.63607346,0.48862760,0.63789750,0.96803184,0.33582449,0.06770548,0.26292660,0.46958284,0.89069958,0.11501971,0.60481918,0.70831197,0.52636937,0.44540196,0.94315059,0.02048060,0.61926659,0.24754781,0.67814098,0.56852023,0.80483235,0.00747524,0.73519328,0.93231640,0.74575265,0.65054301,0.53284376,0.55752982,0.14588683,0.03709774,0.03167719,0.85159617,0.54014474,0.45148657,0.43600177,0.96708155,0.45356456,0.29909191,0.88483807,0.58448957,0.68028461,0.56471126,0.03486145,0.12057087,0.63688825,0.48315864,0.99505583,0.98830377,0.72241031,0.48667211,0.79295575,0.75877284,0.40286182,0.22617975,0.17381699,0.42552931,0.81276696,0.13318415,0.86012009,0.11980156,0.40043954,0.66438259,0.90866276,0.54473521,0.03336182,0.67125831,0.63928916,0.97511265,0.04281712,0.30574273,0.77532457,0.66602314,0.78104186,0.38586004,0.09417101,0.62053938,0.06594034,0.00908993,0.02956953,0.64883512,0.89638193,0.57452191,0.14304114,0.94787249,0.95534674,0.69053902,0.62285442,0.36860607,0.01914808,0.55199084,0.10951966,0.25540549,0.29250223,0.32417842,0.17577360,0.71591734,0.16740291,0.60340367,0.57048423,0.02404779,0.32313870,0.20797577,0.79246434,0.47274795,0.03745821,0.07231866,0.19288853,0.82977578,0.31293342,0.30798824,0.29629101,0.01870032,0.50537143,0.29832618,0.05709802,0.45995884,0.68613759,0.85995359,0.28548190]"
147,"[0.09824785,0.23143100,0.09155009,0.21135066,0.61178920,0.27617078,0.18483254,0.72956675,0.76292757,0.43418489,0.07347304,0.04858468,0.09140081,0.39714253,0.17246610,0.83848824,0.61952910,0.00538814,0.09955815,0.72009652,0.78603586,0.79512479,0.82469332,0.47352744,0.36990837,0.94442928,0.08746942,0.03534091,0.99068665,0.68122467,0.30407808,0.67268315,0.69183023,0.24382007,0.35333873,0.60874322,0.90124445,0.22542188,0.40119447,0.11711082,0.28451272,0.88791540,0.45839863,0.48244541,0.80558311,0.01355789,0.80602123,0.27876818,0.31622539,0.38854305,0.58143058,0.41120535,0.72413777,0.03212502,0.32841503,0.34711435,0.85248478,0.15080997,0.20790699,0.66786483,0.35400143,0.21395401,0.49943491,0.59768176,0.82911177,0.92066086,0.13201051,0.74379871,0.01996849,0.20480003,0.93436578,0.69729235,0.13147624,0.20494828,0.25353196,0.34493177,0.74207330,0.91453840,0.75302565,0.37255375,0.37794089,0.47749803,0.19759356,0.98362842,0.77875221,0.60344454,0.07697098,0.44687835,0.39130663,0.47877504,0.51411495,0.50480060,0.18602426,0.49010134,0.16278350,0.85461273,0.09843180,0.45176953,0.06051175,0.96175520,0.18717608,0.58836955,0.70547937,0.98999109,0.87790549,0.33630312,0.81874753,0.62432964,0.63788653,0.44390676,0.72267394,0.03889833,0.42744038,0.00886996,0.42007431,0.14421108,0.17633510,0.50474913,0.85186248,0.70434626,0.85515523,0.06306122,0.73092506,0.08492548,0.29887849,0.79831240,0.39599316,0.22510393]"
148,"[0.14576378,0.27777330,0.02157101,0.04153850,0.24633753,0.18070231,0.87799366,0.00946890,0.21441618,0.46794714,0.81287791,0.55495021,0.46948761,0.22251226,0.59506500,0.97300489,0.45050192,0.64809448,0.63172190,0.41047311,0.01391665,0.09088663,0.53776398,0.92906961,0.40784365,0.92195760,0.42675720,0.61278046,0.10288080,0.26566330,0.12027503,0.21870583,0.67047437,0.73098512,0.69273932,0.87991440,0.46828295,0.17376132,0.16375142,0.04165591,0.37795802,0.19670456,0.82103320,0.45891873,0.90282449,0.62549743,0.66439476,0.09183414,0.10070310,0.52077641,0.66498650,0.84132060,0.34606872,0.19793020,0.90227546,0.75742969,0.82048992,0.55141397,0.63633846,0.93521595,0.73352735,0.12951951,0.35462244,0.50038523,0.77815752,0.79972753,0.84126503,0.08760156,0.26830287,0.14629553,0.15576343,0.37017861,0.83812474,0.65100165,0.20595087,0.67543748,0.89794874,0.49301274,0.46601663,0.91651756,0.56461104,0.19633194,0.60680405,0.62071970,0.71160533,0.24936831,0.17843692,0.58627957,0.50823617,0.93499237,0.54777183,0.65065163,0.91631393,0.03658796,0.25529280,0.92576616,0.65675028,0.34948860,0.22940200,0.69768395,0.87144427,0.03519469,0.07684960,0.45480662,0.65151018,0.47254238,0.93146011,0.83428360,0.45978002,0.12417378,0.21600692,0.31670902,0.83748444,0.50246993,0.34378953,0.68985726,0.88778646,0.79006092,0.54748962,0.36797854,0.91939151,0.55572897,0.49094391,0.22447026,0.35398878,0.70861022,0.20899444,0.98715097]"
149,"[0.78687750,0.62814153,0.71574208,0.98404395,0.13033848,0.28610091,0.65627851,0.49440226,0.14540291,0.35135277,0.02678925,0.92473699,0.41774874,0.88376437,0.80028093,0.36489097,0.56122191,0.16802496,0.78874367,0.50034800,0.74971531,0.92815123,0.51442980,0.02266497,0.95765634,0.50542717,0.15607780,0.07239073,0.10897769,0.36426948,0.29003464,0.94678392,0.29627152,0.52567251,0.22335546,0.09479874,0.12999242,0.20684102,0.66164664,0.31315582,0.78569719,0.71715630,0.55143890,0.01121792,0.13539070,0.35139663,0.66810465,0.50558809,0.00805702,0.35184555,0.04170181,0.92948727,0.71954719,0.26703581,0.63501334,0.55440385,0.11013182,0.60107473,0.82554400,0.17953177,0.88814099,0.09713444,0.08428440,0.87116090,0.49930143,0.21504252,0.19908547,0.32942294,0.61552285,0.27180036,0.76620161,0.91160352,0.26295530,0.28974355,0.21447955,0.63222729,0.51599066,0.31627059,0.68116057,0.24238148,0.41040544,0.19914811,0.69949511,0.44920942,0.37735965,0.89178845,0.91445242,0.87210776,0.37753393,0.53361072,0.60600045,0.71497714,0.07924562,0.36927927,0.31606219,0.61233271,0.13800422,0.36135869,0.45615642,0.58614785,0.79298787,0.45463351,0.76778833,0.55348452,0.27063982,0.82207771,0.83329463,0.96868433,0.32007996,0.98818361,0.49377069,0.50182672,0.85367127,0.89537208,0.82485834,0.54440454,0.81143935,0.44645169,0.00085454,0.11098536,0.71205910,0.53760209,0.71713286,0.60527286,0.70240629,0.78668970,0.65784960,0.15715003]"
150,"[0.37219155,0.57127601,0.90069795,0.51621980,0.78801916,0.55421978,0.46582230,0.72877660,0.01851915,0.23299770,0.86522398,0.38121364,0.69748324,0.37864280,0.62102328,0.03142772,0.23057484,0.93006895,0.37927737,0.75663602,0.64842347,0.56287490,0.43498166,0.81251459,0.34612431,0.95212376,0.66709990,0.74634453,0.11562279,0.43168398,0.04401569,0.18201891,0.54337660,0.99953202,0.58567886,0.37866573,0.83329824,0.60108557,0.15456909,0.42520791,0.24728462,0.08057825,0.04926159,0.36934055,0.35752316,0.85129285,0.35311857,0.20678883,0.10215991,0.92701725,0.47142079,0.28285914,0.72930983,0.73016337,0.84114773,0.55320583,0.09080692,0.80793878,0.41321064,0.11561593,0.90230462,0.56015322,0.71730225,0.08949280,0.66076781,0.56146477,0.07768357,0.86570173,0.41992050,0.88574180,0.61451740,0.63303555,0.86603224,0.73125523,0.11246787,0.80995011,0.18859191,0.80961419,0.84104092,0.07161475,0.00168270,0.38095907,0.13759409,0.78601656,0.34889046,0.78387111,0.59638470,0.94250801,0.89463077,0.56172968,0.30807320,0.42369499,0.85537798,0.89939267,0.08141057,0.62478617,0.62431719,0.20999505,0.58865978,0.42195702,0.02304159,0.17760967,0.60281658,0.85010020,0.93067746,0.97993804,0.34927759,0.70679975,0.55809160,0.91120917,0.11799700,0.22015591,0.14717217,0.61859196,0.90145009,0.63075892,0.36092129,0.20206802,0.75527285,0.84607877,0.65401655,0.06722619,0.18284112,0.08514474,0.64529697,0.36259822,0.45209002,0.11285683]"
151,"[0.67432060,0.75200317,0.61770389,0.03762340,0.92336420,0.53788060,0.17091515,0.03694639,0.76820062,0.88066749,0.69061659,0.87920751,0.68882070,0.52986062,0.60147437,0.60315607,0.98411414,0.12170723,0.90772279,0.25661224,0.04048236,0.63686606,0.57937307,0.47400284,0.03573152,0.34380372,0.76749771,0.62287469,0.52226636,0.60367593,0.22846110,0.85277729,0.06277134,0.65143012,0.07338614,0.09642673,0.27403541,0.87685099,0.72695019,0.65762664,0.63756369,0.98684028,0.69363903,0.25172963,0.16293780,0.28093380,0.50108871,0.64825987,0.26685083,0.16829992,0.79905784,0.15997813,0.36204516,0.11731701,0.96339478,0.61741033,0.68463552,0.86747564,0.95261938,0.59791535,0.96051257,0.41260159,0.52545743,0.19977702,0.95177919,0.56948208,0.60710448,0.53046768,0.06834728,0.23926142,0.27620681,0.04440643,0.92507292,0.61568851,0.49489502,0.18371472,0.71357433,0.31504770,0.91820277,0.90231591,0.02402213,0.93174392,0.18835516,0.22883652,0.86570158,0.44507365,0.91907549,0.95480601,0.29860872,0.06610544,0.68897913,0.21124448,0.81491941,0.04337951,0.89615580,0.95892614,0.61035526,0.68374040,0.78016613,0.05420054,0.93105053,0.65799971,0.31562536,0.95318805,0.94002733,0.63366535,0.88539398,0.04833078,0.32926358,0.83035129,0.47861016,0.74545999,0.91375891,0.71281576,0.87279289,0.23483705,0.35215305,0.31554683,0.93295615,0.61759067,0.48506531,0.43768369,0.03559804,0.99610961,0.40871020,0.93416663,0.13394265,0.08572084]"
152,"[0.65520192,0.26230540,0.79277209,0.86111836,0.10037879,0.37658460,0.42099003,0.34606195,0.96174946,0.45664348,0.64035720,0.35393053,0.66897723,0.58717900,0.48949391,0.51351504,0.44525796,0.63361212,0.86244764,0.72814822,0.17322086,0.09229535,0.04710036,0.34570808,0.41181252,0.10079065,0.31203413,0.12695254,0.17033106,0.06648586,0.02541100,0.63576526,0.31950466,0.09966979,0.15386933,0.08491885,0.74291757,0.05854192,0.01172897,0.95175530,0.58541965,0.47081263,0.51914241,0.84840499,0.67875528,0.15736443,0.90282342,0.81658134,0.52939609,0.40218798,0.63702403,0.98917608,0.30472191,0.23767706,0.85526673,0.34033104,0.77801374,0.81361078,0.80971939,0.21842859,0.15259421,0.28653586,0.37225570,0.02745663,0.28976103,0.08253211,0.94364948,0.04402727,0.42061087,0.84159991,0.18766086,0.14940932,0.60605180,0.24640800,0.60033753,0.26931376,0.85649176,0.34598467,0.85949871,0.30475567,0.93836679,0.80081343,0.52896065,0.70218051,0.79447487,0.84157423,0.18728131,0.59909283,0.69988248,0.01191561,0.13886715,0.30919721,0.37568207,0.40109206,0.03685632,0.35635998,0.45602877,0.60989710,0.69481495,0.43773152,0.49627245,0.50800042,0.45975471,0.04517336,0.51598499,0.03512640,0.88353039,0.56228467,0.71964810,0.62247053,0.43905086,0.96844596,0.37063294,0.00765596,0.99683104,0.30155195,0.53922801,0.39449375,0.73482379,0.51283652,0.32644630,0.13616469,0.35459227,0.50718549,0.79372035,0.16597505,0.19343068,0.48319071]"
153,"[0.56572182,0.50937030,0.55339657,0.97400644,0.81560535,0.00326521,0.15267353,0.75872433,0.00513134,0.60546787,0.87478063,0.73127139,0.07725506,0.93675277,0.24150744,0.17987323,0.98068566,0.50964531,0.21182482,0.00629869,0.84787191,0.03515222,0.63424406,0.33412554,0.34604015,0.48490630,0.79410251,0.16978358,0.57087464,0.60772996,0.96408894,0.42011671,0.03001281,0.72482677,0.16255729,0.65882873,0.16682815,0.62658186,0.67175422,0.18773821,0.22286361,0.10639300,0.66867667,0.38832377,0.01079330,0.44984316,0.41828811,0.78892005,0.79657502,0.79340506,0.09495601,0.63418302,0.02867577,0.76349856,0.27633408,0.60277938,0.73894307,0.09353434,0.60071882,0.39443818,0.56041223,0.75384191,0.23703162,0.80275244,0.31212175,0.86551732,0.83952276,0.65512711,0.65839132,0.81106385,0.56978719,0.57491752,0.18038439,0.05516401,0.78643440,0.86368846,0.80044024,0.04194668,0.22181891,0.20250357,0.71214788,0.92397170,0.93026939,0.77814030,0.81329152,0.44753458,0.78165912,0.12769826,0.61260356,0.40670507,0.57648765,0.14736130,0.75509026,0.71917820,0.13929392,0.16930573,0.89413150,0.05668779,0.71551553,0.88234268,0.50892354,0.18067676,0.36841397,0.59127658,0.69766858,0.36634425,0.75466702,0.76545932,0.21530148,0.63358859,0.42250764,0.21908166,0.01248572,0.10744073,0.74162275,0.77029752,0.53379508,0.81012816,0.41290654,0.15184860,0.24538194,0.84609976,0.24053694,0.80094817,0.55478908,0.79181970,0.59457114,0.90669188]"
154,"[0.77220820,0.61172996,0.26685607,0.92524639,0.73630925,0.30609543,0.88101195,0.06139534,0.11655835,0.90299176,0.76667922,0.56711846,0.60906414,0.83088204,0.03338461,0.74553149,0.66950219,0.59977058,0.37790988,0.19120040,0.63873398,0.42039210,0.54808936,0.16069192,0.56739600,0.14388265,0.29124295,0.04633221,0.76550941,0.90480233,0.07410706,0.96823757,0.02492436,0.74043888,0.62278056,0.13170309,0.31237885,0.68079182,0.27206739,0.96973498,0.33607823,0.09074425,0.85620257,0.07150305,0.70509064,0.12759729,0.34667794,0.35916266,0.46660239,0.20822415,0.97852067,0.51231474,0.32244190,0.73534744,0.88719504,0.13257598,0.97867474,0.21921068,0.02015785,0.57494592,0.36676462,0.96133476,0.86802564,0.64023284,0.25196180,0.51881688,0.44406227,0.18037052,0.48646495,0.36747590,0.42887024,0.54542759,0.44841835,0.21509657,0.78221403,0.39127716,0.22215821,0.25554182,0.00107231,0.67057351,0.27034309,0.64825197,0.83945137,0.47818435,0.89857545,0.44666381,0.60735473,0.17474973,0.31863138,0.60987333,0.65620453,0.42171295,0.32651428,0.40062034,0.36885690,0.39378026,0.13421814,0.75699770,0.88869979,0.20107764,0.88186846,0.15393485,0.12366883,0.45974606,0.55048932,0.40669089,0.47819294,0.18328259,0.31087887,0.65755582,0.01671748,0.48331887,0.69154202,0.67006169,0.18237543,0.50481633,0.24016277,0.12735681,0.25993178,0.23860552,0.45781520,0.47797205,0.05291698,0.41968060,0.38101435,0.24903900,0.88927084,0.14123164]"
155,"[0.66004752,0.10410879,0.28447831,0.77094226,0.13841716,0.56728640,0.11271299,0.56113033,0.77622590,0.55843893,0.94971509,0.17187229,0.42741311,0.42848443,0.09905693,0.36939902,0.01764999,0.85710036,0.33528371,0.23385816,0.68052096,0.28787469,0.46262342,0.78125380,0.39112613,0.04732966,0.46904160,0.79555488,0.19617422,0.56503012,0.95880938,0.09302653,0.85002322,0.73872202,0.93979866,0.82166611,0.97559997,0.09926780,0.55901286,0.10950117,0.51619106,0.99438301,0.17766459,0.48854247,0.14609728,0.16281376,0.64613164,0.33767266,0.00773335,0.19010778,0.69492311,0.93508488,0.06244068,0.32237147,0.56097599,0.01879019,0.49676124,0.54967722,0.96935681,0.35037017,0.59940816,0.48867800,0.62990865,0.28995517,0.39406296,0.67854027,0.44948153,0.58789768,0.15518308,0.26789506,0.82902440,0.60524930,0.16368723,0.11340131,0.28527261,0.71268472,0.14116815,0.24022408,0.60962210,0.62727109,0.48437045,0.81965316,0.05351032,0.73403028,0.02190397,0.48452639,0.26577919,0.65690432,0.70423298,0.17327358,0.96882746,0.16500068,0.73002981,0.68883819,0.78186372,0.63188594,0.37060695,0.31040461,0.13206972,0.10766869,0.20693549,0.76594735,0.87544752,0.39163758,0.38601959,0.56368318,0.05222465,0.19832093,0.36113369,0.00726433,0.34493599,0.35266834,0.54277512,0.23769723,0.17278110,0.23522078,0.55759125,0.11856624,0.13735543,0.63411568,0.18379190,0.15314771,0.50351688,0.10292404,0.59160104,0.22150869,0.51146286,0.90552482]"
156,"[0.58406409,0.03354461,0.62144130,0.77662337,0.04451744,0.87354084,0.47878913,0.64247536,0.75587567,0.04114728,0.75383100,0.89499815,0.13522122,0.74484233,0.37211242,0.85648187,0.67613403,0.72964334,0.46367263,0.48557560,0.97010099,0.23587918,0.89278250,0.59701448,0.77028706,0.73911352,0.90411320,0.63414201,0.32297920,0.10484192,0.73672686,0.10733281,0.41773642,0.54980515,0.65747284,0.86440733,0.63035367,0.50580019,0.89743677,0.28345536,0.84713754,0.89936119,0.09768112,0.45881381,0.46607715,0.81101214,0.16367948,0.70645360,0.94414983,0.11692993,0.35214972,0.90973997,0.02830520,0.16565964,0.79977431,0.98356521,0.13671192,0.64022780,0.74315084,0.33475088,0.55625857,0.06772043,0.97324424,0.55730733,0.59085094,0.21229124,0.98891361,0.03343005,0.90696989,0.38575802,0.02823238,0.78410705,0.82525333,0.57908333,0.47408048,0.60930070,0.35414203,0.72625345,0.58273431,0.25886734,0.98850969,0.45218131,0.93775591,0.90785590,0.14373408,0.03651559,0.63352906,0.40381512,0.14292764,0.04703984,0.68118085,0.00415905,0.10899997,0.84572582,0.95305763,0.37079305,0.92059719,0.57806903,0.44247536,0.07282803,0.57862722,0.47606299,0.75951736,0.60665390,0.50601409,0.60369421,0.06250702,0.52858317,0.33959431,0.50327279,0.20972539,0.15387422,0.27080315,0.62295186,0.53269083,0.56099503,0.72665367,0.52642698,0.50999120,0.64670212,0.28692892,0.03007876,0.36482864,0.92108621,0.98880564,0.96204889,0.51935522,0.11020516]"
157,"[0.32249539,0.31140801,0.34483706,0.25180594,0.63756296,0.66579434,0.44990040,0.27515273,0.85423506,0.32831454,0.93761424,0.29175527,0.01800771,0.60074103,0.85960737,0.84811605,0.30029636,0.23805127,0.14590618,0.28963926,0.32615385,0.95968191,0.36349603,0.50642267,0.55346151,0.23464136,0.23879941,0.34779838,0.19352320,0.14657983,0.51737188,0.43796807,0.01603610,0.45851046,0.53133749,0.10996371,0.58602570,0.34554206,0.95219496,0.45820804,0.06190125,0.12440727,0.65298943,0.99258274,0.49585453,0.70557892,0.85945213,0.13025428,0.75320514,0.28589497,0.84688900,0.57354167,0.09996766,0.60995785,0.25665897,0.54358689,0.57366464,0.93849229,0.85957750,0.84838214,0.81043003,0.32978424,0.43998840,0.76248279,0.07388980,0.41872585,0.67053080,0.30809276,0.97388610,0.42378549,0.69893722,0.55317128,0.88148482,0.81909806,0.11085232,0.12885903,0.72959906,0.58920542,0.43732048,0.73761584,0.97566612,0.12157129,0.41120955,0.73736240,0.69704330,0.06053833,0.56696000,0.12042051,0.35506087,0.59385928,0.94165666,0.13517886,0.28175768,0.79912856,0.23709563,0.25313073,0.71164019,0.24297667,0.35293938,0.93896408,0.28450514,0.23669909,0.69490614,0.75680639,0.88121266,0.53420109,0.52678283,0.02263636,0.72821428,0.58766541,0.71791869,0.47112283,0.75701680,0.60390481,0.17744548,0.27741214,0.88736899,0.14402696,0.68761285,0.26127649,0.19976778,0.05934428,0.90772542,0.71815445,0.04793769,0.48792509,0.25040689,0.32429568]"
158,"[0.74302054,0.41355033,0.72164209,0.69552719,0.11931168,0.81824790,0.37141818,0.25290200,0.07199906,0.18285038,0.31170841,0.04130647,0.63051090,0.06783037,0.80544522,0.78111033,0.90268062,0.31388917,0.05125057,0.74829288,0.80883021,0.37578921,0.49620872,0.85126859,0.44512688,0.38678254,0.52196039,0.80371708,0.60284463,0.83993926,0.09306899,0.80470818,0.04768385,0.40062223,0.33958531,0.62408945,0.86078754,0.55569268,0.31249806,0.19370972,0.72790981,0.25469164,0.27732700,0.00554027,0.59320468,0.31112237,0.78224421,0.53926001,0.14316382,0.32060830,0.59801943,0.48538742,0.62941338,0.31702523,0.57830072,0.77806749,0.83741077,0.74513519,0.46328864,0.51122533,0.99914942,0.24955531,0.57384999,0.31686953,0.73041887,0.45205995,0.14758614,0.26689682,0.08514372,0.45656091,0.70946191,0.78145997,0.96430935,0.27601676,0.31732223,0.94783213,0.01566150,0.82110572,0.60221505,0.50489468,0.81878285,0.87003242,0.61832430,0.42715350,0.80294171,0.29914943,0.15041702,0.59554290,0.98232444,0.50428383,0.30799990,0.91084354,0.75078180,0.84384979,0.64855697,0.69623982,0.09686106,0.43644537,0.06053382,0.92132037,0.47701204,0.78950911,0.98321783,0.71112663,0.96581727,0.24314327,0.24868254,0.84188622,0.15300760,0.93525081,0.47450982,0.61767264,0.93827993,0.53629837,0.02168479,0.65109717,0.96812140,0.54642111,0.32448761,0.16189737,0.90703156,0.37031920,0.88154353,0.88069195,0.13024626,0.70409526,0.02096379,0.75138165]"
159,"[0.20344061,0.35102575,0.61792157,0.70306430,0.15962420,0.86908511,0.65054407,0.61485242,0.89086818,0.20818941,0.15602054,0.17168104,0.99278576,0.59499981,0.09989349,0.91867534,0.78870676,0.40703006,0.83418256,0.63712327,0.93627170,0.08668773,0.68222963,0.66455306,0.16883589,0.47683479,0.38767733,0.13845812,0.98230691,0.63086288,0.32710171,0.42396176,0.86040614,0.92093896,0.84225833,0.31926937,0.10877748,0.09199430,0.80311994,0.76893621,0.01207847,0.26076001,0.10264524,0.25565184,0.19090164,0.66541046,0.28308210,0.22136103,0.75765840,0.77934219,0.43043836,0.39855875,0.94497887,0.26946547,0.43136185,0.33839241,0.70871061,0.59025314,0.47094410,0.60118936,0.30528362,0.32624641,0.07762706,0.28106667,0.63209142,0.25001199,0.95307529,0.11269849,0.98178260,0.63232567,0.24717710,0.13804427,0.34623269,0.50225223,0.67393227,0.66671703,0.26171585,0.36160833,0.28028267,0.06898843,0.47601749,0.31019905,0.94732132,0.88359203,0.97027875,0.65250738,0.31705944,0.48589433,0.96272812,0.35040444,0.48886156,0.47116748,0.10202936,0.42913006,0.85309083,0.71349596,0.63443392,0.47669125,0.79595962,0.90473610,0.99672940,0.79984834,0.56878354,0.58086102,0.84162003,0.94426427,0.19991511,0.39081575,0.05622521,0.33930631,0.56066634,0.31832374,0.09766493,0.52810229,0.92666004,0.87163791,0.14110238,0.57246323,0.91085464,0.61956425,0.20981639,0.68075948,0.28194784,0.58723046,0.91347586,0.99110193,0.27216760,0.90425802]"
160,"[0.15426901,0.10734330,0.22004079,0.20182239,0.83414706,0.08132316,0.21936643,0.56559812,0.06784935,0.74178062,0.40849665,0.67021149,0.03181883,0.31210050,0.38108794,0.85710443,0.16730248,0.11462280,0.99821383,0.96849158,0.62099796,0.93805640,0.42394972,0.38667684,0.73708028,0.22594085,0.69710732,0.79913568,0.22826474,0.08135457,0.79484953,0.42928246,0.90597270,0.70193132,0.60666642,0.60339482,0.40324216,0.97202470,0.55288472,0.39450375,0.33876702,0.53868112,0.92949587,0.98572008,0.32502539,0.88569073,0.20401347,0.30167740,0.82977869,0.75643773,0.62807464,0.76917602,0.34163825,0.25249189,0.87205513,0.08187052,0.76262900,0.04457584,0.63180530,0.54528016,0.53638109,0.80854768,0.71280470,0.86707271,0.97441501,0.19445480,0.39627619,0.23042225,0.31174441,0.53110984,0.09670696,0.16455531,0.90633493,0.31483057,0.98504107,0.01685889,0.32895839,0.71004533,0.56714876,0.73445023,0.84907203,0.84728486,0.81577544,0.43677239,0.37482779,0.79877651,0.18545235,0.92253163,0.14847148,0.84557781,0.64471249,0.87297623,0.95432980,0.74917833,0.17845979,0.08443149,0.78636182,0.39302724,0.99642106,0.39966221,0.37168591,0.92456963,0.31907237,0.65783839,0.19651851,0.12601338,0.11173246,0.43675685,0.32244658,0.52645905,0.82813545,0.65791314,0.41434988,0.04242352,0.81159855,0.15323580,0.40572668,0.27778081,0.35965033,0.12227833,0.16685317,0.79865747,0.34393663,0.88031672,0.68886340,0.40166711,0.26873882,0.24315283]"
161,"[0.43760663,0.83388182,0.06430307,0.37604648,0.90715533,0.00386129,0.16841560,0.07474952,0.38957910,0.37461916,0.39147705,0.72043445,0.43047878,0.99762653,0.73207577,0.58114680,0.42843065,0.24420509,0.68097648,0.05580327,0.85457878,0.04003013,0.96256077,0.11103125,0.95660805,0.60131954,0.47429477,0.42862357,0.17780090,0.35625969,0.44069019,0.22705100,0.62007724,0.61649730,0.01615851,0.38784342,0.31241205,0.63148342,0.28932081,0.48583832,0.61185070,0.72358216,0.16033801,0.48278359,0.00924164,0.83737609,0.49528824,0.90963712,0.95205964,0.76365719,0.91689198,0.32261766,0.60039748,0.96004681,0.08232415,0.24917632,0.04783279,0.39176842,0.27208414,0.96094654,0.36261265,0.63135047,0.87450230,0.31210793,0.14598874,0.21029082,0.58633630,0.49349063,0.49735092,0.66576552,0.74051404,0.13009214,0.50471030,0.89618635,0.61661980,0.04709758,0.04472311,0.77679788,0.35794368,0.78637333,0.03057742,0.71155290,0.76735517,0.62193296,0.66196209,0.62452185,0.73555210,0.69215915,0.29347769,0.76777146,0.19639403,0.37419393,0.73045262,0.17114181,0.39819181,0.01826805,0.63476435,0.65092186,0.03876428,0.35117533,0.98265775,0.27197756,0.75781488,0.36966458,0.09324574,0.25358275,0.73636534,0.74560599,0.58298108,0.07826832,0.98790444,0.93996307,0.70361926,0.62051024,0.94312691,0.54352339,0.50356920,0.58589234,0.83506766,0.88289945,0.27466687,0.54675001,0.50769555,0.87030720,0.50165667,0.37615797,0.68826489,0.83425264]"
162,"[0.04454245,0.63087775,0.12436738,0.62171729,0.28748181,0.02799485,0.15808599,0.66279529,0.55898064,0.17559944,0.22269602,0.26741814,0.04421502,0.40215769,0.18853002,0.21910645,0.93065835,0.69801252,0.31994448,0.98190557,0.60642642,0.34197752,0.03413566,0.32761235,0.09538281,0.29177583,0.66596876,0.39642038,0.56756119,0.96575201,0.98401906,0.61878241,0.26970327,0.30846655,0.65964088,0.64229763,0.91427419,0.67208807,0.04175165,0.13499640,0.38857815,0.12494250,0.87054748,0.45352756,0.53179488,0.51969831,0.45966039,0.16327865,0.78378789,0.72691379,0.27043618,0.77400437,0.35989572,0.19496238,0.07786083,0.35252670,0.89927571,0.40697027,0.27727647,0.77893214,0.15508911,0.84335300,0.67760463,0.72214609,0.35302284,0.47738921,0.09910550,0.38658631,0.41458016,0.57266514,0.23545943,0.79443907,0.97003751,0.19273253,0.46014967,0.50436369,0.90652038,0.09504941,0.31415485,0.24481220,0.94282373,0.26276721,0.24467177,0.85109719,0.19307370,0.22720837,0.55481972,0.65020153,0.94197636,0.60794412,0.00436351,0.57192370,0.53767471,0.52169276,0.14047417,0.41017644,0.71864199,0.37828188,0.02057851,0.93485170,0.60693878,0.64868943,0.78368483,0.17226198,0.29720348,0.16774996,0.62127652,0.15307040,0.67276771,0.13242710,0.29570475,0.07949163,0.80640442,0.07683960,0.85084298,0.21073769,0.40569907,0.48355890,0.83608460,0.73535931,0.14232858,0.41960405,0.19853519,0.35362329,0.19697529,0.87457892,0.59672401,0.94974584]"
163,"[0.42713406,0.52623856,0.91282387,0.32740303,0.90006717,0.13552560,0.92996367,0.90000018,0.09273172,0.55288039,0.05724308,0.96376246,0.05881086,0.37296471,0.61777592,0.56059864,0.82336485,0.06803562,0.91913181,0.11220451,0.33941188,0.89423060,0.54443113,0.48640649,0.09434961,0.09871212,0.67063482,0.20830852,0.73000029,0.87047346,0.28064890,0.99928990,0.37757077,0.39814828,0.33299898,0.93993676,0.58862519,0.37230902,0.54457000,0.84177247,0.00952143,0.63079695,0.78386635,0.45663306,0.58905916,0.88476291,0.96425354,0.77065696,0.84749556,0.69833754,0.90907423,0.31477230,0.79833021,0.63441381,0.36977212,0.51209970,0.93170275,0.13023693,0.48385923,0.68083352,0.55541144,0.15213445,0.10187929,0.52901235,0.05524991,0.96807278,0.29547480,0.19554098,0.33106558,0.26102825,0.16102743,0.25375815,0.80663754,0.86387962,0.82764107,0.88645093,0.25941465,0.87718956,0.43778720,0.26115105,0.32918567,0.24831648,0.36052000,0.69993088,0.59416048,0.13859061,0.62499610,0.71934471,0.81805583,0.48868965,0.69699717,0.42699646,0.29746892,0.57811682,0.57740571,0.95497548,0.35312277,0.68612075,0.62605651,0.21468070,0.58698871,0.13155771,0.97332918,0.98284962,0.61364557,0.39751092,0.85414298,0.44320114,0.32796305,0.29221559,0.06287155,0.91036611,0.60870265,0.51777588,0.83254718,0.63087639,0.26528920,0.63506032,0.14715902,0.07886077,0.20909670,0.69295493,0.37378744,0.92919788,0.08133133,0.18320962,0.71222097,0.76746988]"
164,"[0.73554165,0.03101546,0.22655544,0.55762001,0.81864727,0.97967370,0.23343085,0.04006739,0.90394601,0.73158608,0.61803601,0.87744965,0.75463822,0.19242442,0.45357447,0.78275915,0.03107463,0.39159362,0.09152350,0.68568298,0.82427258,0.44926768,0.16861139,0.98666622,0.47535486,0.17235103,0.59934649,0.89681441,0.47493022,0.05233494,0.00730942,0.36043118,0.04655093,0.67260644,0.88728614,0.47427385,0.60583056,0.57915875,0.56200736,0.17565193,0.57316185,0.42730383,0.87050397,0.19846602,0.49068061,0.55355116,0.46391628,0.07261793,0.59039281,0.42293899,0.05381438,0.31910257,0.95416189,0.10131991,0.18017967,0.38927537,0.08222930,0.45601574,0.38521262,0.46654296,0.64975158,0.36197155,0.12944043,0.86498108,0.89599554,0.12254998,0.68016899,0.49881526,0.47848796,0.71191781,0.75198420,0.65592921,0.38751428,0.00554929,0.88299795,0.63763516,0.83005858,0.28363206,0.06639020,0.09746383,0.48905645,0.58057895,0.26626092,0.09053251,0.53979919,0.70840958,0.69507480,0.17042866,0.34277869,0.94212418,0.83893759,0.31386681,0.36620075,0.37350917,0.73393935,0.78048929,0.45309473,0.34037987,0.81465273,0.42048229,0.99964004,0.56164640,0.73729733,0.31045817,0.73776100,0.60826398,0.80672900,0.29740861,0.85095878,0.31487406,0.38749098,0.97788279,0.40082078,0.45463416,0.77373573,0.72789663,0.82921553,0.00939421,0.39866858,0.48089688,0.93691162,0.32212325,0.78866520,0.43841578,0.80038633,0.92982576,0.79480585,0.69080039]"
165,"[0.81334937,0.49351736,0.99233162,0.47081857,0.18273538,0.93471858,0.59064679,0.97816007,0.98370837,0.86670532,0.50433948,0.33439706,0.61802812,0.68441732,0.78188015,0.27093559,0.85151354,0.11777346,0.20830497,0.74810316,0.45651174,0.15158554,0.32201320,0.66479089,0.60691407,0.44585066,0.75971647,0.12591622,0.49942439,0.23336274,0.01385102,0.46694476,0.80732363,0.62197535,0.04245664,0.04209568,0.60374108,0.34103740,0.65149458,0.38925458,0.99751756,0.80424556,0.10165317,0.95261095,0.26748401,0.65497399,0.63285578,0.03367557,0.48830873,0.26204346,0.98993909,0.81915362,0.82854683,0.22721441,0.70811029,0.64502091,0.96714316,0.75580736,0.19422214,0.99460747,0.92443223,0.71923708,0.41003647,0.22338483,0.71690119,0.70923181,0.18004938,0.36278376,0.29750135,0.88814714,0.86630621,0.85001358,0.71671790,0.22105638,0.55545244,0.17347956,0.85789588,0.63977502,0.91070962,0.76222216,0.87999462,0.08829860,0.83640076,0.29291150,0.44449604,0.76650824,0.43129812,0.03821119,0.48406085,0.24377632,0.36969154,0.86911492,0.10247666,0.11632669,0.58327044,0.39059307,0.01256742,0.05502306,0.09711774,0.70085782,0.04189423,0.69338780,0.08264139,0.08015795,0.88440251,0.98605468,0.93866463,0.20614764,0.86112064,0.49397542,0.52764999,0.01595771,0.27800017,0.26793826,0.08709088,0.91563671,0.14285011,0.85095940,0.49597931,0.46312147,0.21892782,0.41314896,0.40775543,0.33218667,0.05142275,0.46145822,0.68484205,0.40174224]"
166,"[0.11097305,0.29102143,0.65380419,0.95130453,0.83945067,0.70575588,0.55576846,0.27248535,0.49354073,0.04899217,0.22247073,0.08036560,0.72013963,0.63084824,0.39306940,0.27306302,0.36136062,0.19776038,0.49067088,0.93516592,0.70167316,0.13297028,0.17118048,0.65524033,0.89901565,0.26870618,0.13782011,0.24029577,0.35662146,0.93989090,0.33048297,0.34304939,0.39807145,0.49518820,0.19604502,0.23793824,0.93132505,0.01396543,0.09412238,0.97852389,0.96457757,0.90324120,0.10938784,0.97050748,0.46448190,0.99213089,0.00808760,0.28608677,0.55402403,0.64111391,0.55674962,0.69959873,0.55055713,0.04653544,0.50965591,0.72858273,0.14173070,0.54948513,0.88167080,0.93309255,0.39454976,0.07939081,0.48113205,0.59210410,0.88312452,0.53692771,0.48823125,0.32768092,0.03343579,0.58920325,0.86168760,0.35522733,0.40421850,0.62668823,0.70705283,0.42719146,0.05803870,0.45110711,0.72416913,0.08552875,0.28328813,0.77395802,0.70912294,0.41079510,0.54376438,0.71494386,0.37018318,0.26919783,0.53790301,0.67572212,0.91601689,0.27263735,0.21252725,0.54300922,0.88605761,0.28412806,0.77931526,0.97535928,0.21329652,0.14462056,0.15858500,0.25270638,0.23122926,0.19580583,0.09904603,0.20843287,0.17893935,0.64342025,0.63555014,0.64363674,0.92972251,0.48374554,0.12485845,0.68160707,0.38120480,0.93176093,0.97829538,0.48795029,0.21653202,0.35826172,0.90774585,0.78941565,0.72250719,0.11705595,0.19644576,0.67757681,0.26967991,0.15280343]"
167,"[0.68973014,0.17796039,0.50564031,0.53907510,0.12827735,0.98996396,0.34519029,0.74940779,0.37609502,0.08314685,0.51033731,0.56837501,0.01948112,0.74364925,0.82917700,0.11246414,0.88642115,0.59554309,0.00633719,0.55010058,0.26504343,0.63522562,0.90442245,0.44232446,0.11804558,0.03406147,0.30669783,0.51922408,0.06223230,0.94828890,0.23241597,0.01173022,0.98708850,0.20038402,0.34500358,0.50358758,0.75629295,0.98752121,0.18332604,0.28237107,0.49080294,0.66974130,0.31316055,0.94870969,0.59234543,0.52206694,0.00581148,0.13066893,0.81227500,0.19347880,0.12523873,0.10353311,0.59148239,0.80801341,0.16627413,0.07401897,0.86343362,0.58593981,0.70299476,0.89943953,0.57701534,0.84669426,0.99949669,0.68922583,0.86718522,0.37282453,0.91189863,0.04017498,0.03013794,0.37532723,0.12473402,0.50082804,0.58397389,0.09431020,0.66268422,0.68216434,0.42581259,0.25498859,0.36745173,0.25387188,0.84941397,0.85575016,0.40584974,0.67089217,0.30611679,0.21053824,0.65286170,0.77090628,0.80496675,0.11166358,0.63088665,0.69311795,0.64140585,0.87382082,0.88555004,0.87263754,0.07302055,0.41802313,0.92160971,0.67790166,0.66542187,0.84874691,0.13111698,0.62191892,0.29165922,0.60481878,0.55352747,0.14587190,0.66793784,0.67374833,0.80441626,0.61669025,0.81016805,0.93540578,0.03893788,0.63041928,0.43843169,0.60470482,0.67872279,0.54215541,0.12809422,0.83108798,0.73052651,0.30754086,0.15423411,0.15372980,0.84295463,0.71013886]"
168,"[0.08296238,0.99486001,0.03503400,0.06517094,0.44049717,0.56523020,0.06605724,0.65003013,0.74433934,0.40702255,0.08918589,0.51499748,0.76998507,0.13743579,0.39130667,0.24071964,0.09646880,0.50231754,0.17320871,0.47932450,0.68986174,0.34272243,0.11362771,0.91859346,0.03025604,0.66114169,0.35425864,0.99566349,0.86948330,0.75503234,0.62766888,0.70068843,0.11871056,0.04031927,0.71821993,0.38364079,0.23238670,0.36350268,0.98542061,0.27707883,0.88189661,0.43542308,0.58129398,0.24923083,0.92297815,0.72739341,0.34408266,0.15424971,0.08965449,0.12859137,0.75900965,0.19744034,0.80214416,0.48086595,0.02302035,0.15111357,0.98220055,0.71272607,0.02026592,0.17449903,0.32822783,0.17118146,0.88131932,0.96428070,0.95913972,0.99417272,0.05934266,0.49983883,0.06506803,0.13112427,0.78115340,0.52549174,0.93251329,0.02169818,0.53669465,0.30667872,0.44411351,0.83541918,0.07613782,0.17260563,0.67492217,0.84812988,0.32745339,0.01731413,0.36003556,0.47366227,0.39225473,0.42250977,0.08365046,0.43790809,0.43357058,0.30305288,0.05808423,0.68575210,0.38643953,0.50514910,0.54546736,0.26368629,0.64732608,0.87971179,0.24321347,0.22863308,0.50571091,0.38760652,0.82302859,0.40432158,0.65355140,0.57652855,0.30392096,0.64800262,0.80225133,0.89190482,0.02049519,0.77950385,0.97694319,0.77908634,0.25995129,0.28297065,0.43408322,0.41628277,0.12900784,0.14927276,0.32377080,0.65199763,0.82317809,0.70449641,0.66877612,0.62791483]"
169,"[0.62208655,0.68142821,0.18126604,0.24633306,0.37745633,0.15860873,0.68409947,0.61661176,0.63830894,0.17500259,0.48168031,0.92579283,0.76121101,0.83734783,0.00995246,0.68487363,0.53300251,0.86045490,0.87776803,0.23780259,0.71146386,0.10371759,0.52622636,0.60987582,0.04778291,0.48135250,0.78440438,0.84248760,0.52823871,0.91467724,0.41982534,0.96529170,0.22897699,0.87630207,0.75601286,0.99922533,0.22785741,0.73356732,0.12117284,0.94420043,0.34852101,0.00207141,0.57859896,0.88251892,0.53052053,0.33277086,0.22467468,0.24516888,0.02467172,0.00161391,0.78069925,0.04064955,0.32361919,0.75770141,0.17398318,0.30299002,0.45226179,0.77603158,0.42802821,0.25120530,0.95570072,0.62447583,0.25238967,0.87447522,0.55590242,0.73716746,0.98349952,0.36095485,0.51956258,0.20366105,0.82027181,0.45857975,0.63358134,0.11526065,0.04105248,0.80226249,0.63960932,0.64956078,0.33443341,0.86743493,0.72788883,0.60565586,0.84345745,0.55492031,0.65863690,0.18486226,0.79473708,0.84251900,0.32387049,0.10827387,0.95076048,0.47899818,0.39367443,0.81349876,0.77878946,0.00776545,0.88406653,0.64007839,0.63930272,0.86715913,0.60072545,0.72189729,0.66609672,0.01461673,0.01668713,0.59528509,0.47780301,0.00832254,0.34109240,0.56576608,0.81093396,0.83560468,0.83721759,0.61791585,0.65856439,0.98218259,0.73988300,0.91386518,0.21685421,0.66911499,0.44514557,0.87317278,0.12437709,0.08007680,0.70455163,0.95694030,0.83141451,0.38731594]"
170,"[0.12448239,0.10798092,0.46893477,0.98849635,0.19215640,0.01242721,0.47100596,0.10458630,0.21984596,0.26089744,0.06315892,0.70276724,0.35232703,0.68675944,0.55419337,0.28208120,0.88773606,0.73119250,0.28611181,0.94474771,0.12960897,0.92434506,0.76686306,0.09073255,0.19900542,0.14976489,0.62876208,0.02243550,0.83593327,0.61472173,0.62248618,0.50655171,0.14662910,0.78593081,0.65308894,0.25381339,0.97570968,0.64180540,0.65642113,0.67310727,0.26839136,0.74619337,0.75451491,0.09560631,0.66137139,0.47230435,0.30790804,0.14512463,0.76303948,0.42160287,0.40378445,0.14366645,0.05753063,0.27438384,0.94349783,0.38864240,0.26181419,0.38619027,0.46626608,0.17081671,0.12775600,0.95916952,0.34648445,0.47096585,0.57894576,0.04787953,0.03637488,0.22853028,0.24095650,0.71196146,0.81654676,0.03639172,0.29728816,0.36044608,0.06321232,0.41553835,0.10229679,0.65648915,0.93856935,0.82630441,0.55749591,0.84360672,0.78835343,0.91796140,0.84230546,0.60916752,0.69989907,0.89890349,0.04866738,0.67742846,0.69986296,0.53579523,0.15051596,0.77300114,0.27955185,0.42617995,0.21210976,0.86519771,0.11901010,0.09471878,0.73652319,0.39294332,0.06604959,0.33443995,0.08063231,0.83514622,0.93075153,0.59212192,0.06442528,0.37233231,0.51745594,0.28049442,0.70209629,0.10587974,0.24954519,0.30707483,0.58145767,0.52495450,0.91359590,0.17540909,0.56159836,0.02786344,0.19867914,0.32643415,0.28560266,0.63208612,0.10305096,0.68199572]"
171,"[0.72987425,0.76624814,0.99477742,0.23573292,0.94769338,0.76423914,0.80062986,0.09791701,0.45836209,0.52157341,0.93711076,0.03940655,0.69589470,0.63446305,0.46076646,0.01826137,0.86186709,0.65021952,0.56817992,0.41048439,0.01965090,0.71954897,0.61845145,0.66711783,0.34454529,0.04440725,0.58020148,0.73071643,0.50371657,0.78326742,0.20944637,0.42155513,0.28675184,0.40576094,0.50047872,0.23700091,0.62994323,0.69599182,0.03043076,0.11106207,0.94620729,0.87695782,0.46907875,0.53350302,0.90583434,0.42328928,0.70378270,0.40587799,0.51175673,0.76130092,0.06837475,0.64983141,0.17478491,0.08837981,0.26378790,0.82538526,0.85324770,0.05192584,0.37835899,0.66396065,0.29604577,0.39909573,0.08109046,0.81096371,0.57721085,0.57198727,0.80771918,0.75541156,0.51964969,0.32027855,0.41819456,0.87655565,0.39812806,0.33523782,0.37464337,0.07053707,0.70499912,0.16576458,0.18402495,0.04589105,0.69610957,0.26428849,0.67477188,0.69442178,0.41396974,0.03242020,0.69953703,0.04408132,0.08848757,0.66868804,0.39940347,0.90311905,0.68638547,0.89583084,0.31738497,0.60413581,0.00989574,0.51037346,0.74737337,0.37731560,0.07330642,0.10373618,0.21479725,0.16100355,0.03796037,0.50703811,0.04054013,0.94637347,0.36966175,0.07344345,0.47932044,0.99107617,0.75237609,0.82074984,0.47058025,0.64536416,0.73374297,0.99752987,0.82291413,0.67616083,0.72808567,0.10644366,0.77040332,0.06644809,0.46554282,0.54663228,0.35759500,0.93480484]"
172,"[0.50679111,0.31450929,0.06991984,0.58956853,0.90984608,0.32803965,0.20459430,0.60272136,0.93795818,0.31260055,0.38313662,0.08813474,0.25389833,0.43792228,0.48381233,0.17992089,0.44420838,0.11897926,0.81340004,0.22736878,0.25978798,0.95932401,0.00340432,0.09189089,0.76057793,0.15998040,0.06309845,0.74948292,0.64531275,0.96269672,0.56683153,0.57672628,0.08709874,0.83447111,0.21178571,0.28509113,0.38882631,0.60362256,0.76462511,0.80258447,0.30962159,0.35016072,0.29653319,0.66619394,0.73963639,0.21895583,0.21003100,0.96240609,0.78315493,0.25373418,0.89909734,0.63283931,0.63036819,0.45328132,0.12944115,0.85752583,0.96396849,0.73437081,0.80081790,0.26635972,0.81299101,0.17058500,0.10538884,0.61217895,0.92668724,0.99660608,0.58617362,0.49601870,0.82405734,0.02865064,0.63137100,0.56932818,0.88192773,0.26506335,0.35319710,0.60709443,0.04501571,0.52882704,0.70874693,0.15295432,0.27193258,0.08533162,0.31269940,0.57248638,0.53180939,0.53521271,0.62710260,0.38767953,0.54765894,0.61075638,0.36023830,0.00555005,0.96824578,0.53507631,0.11180158,0.19889932,0.03336944,0.24515415,0.53024428,0.91906958,0.52269114,0.28731525,0.08989872,0.39951931,0.74967903,0.04621122,0.71240417,0.45203956,0.67099439,0.88102439,0.84342948,0.62658340,0.88031658,0.77941292,0.41225123,0.04261842,0.49589874,0.62533889,0.48286371,0.44683120,0.18120101,0.98201791,0.24837664,0.06136664,0.23195065,0.33733849,0.94951644,0.87620268]"
173,"[0.87280777,0.45898038,0.95499808,0.77905442,0.80770406,0.43907406,0.00840125,0.89032798,0.15539033,0.50858643,0.11567985,0.16069456,0.68952060,0.39826653,0.55121985,0.82315143,0.90848205,0.22118045,0.79366583,0.32547422,0.86068593,0.48778753,0.87546607,0.42312400,0.03387938,0.39411668,0.39966574,0.36791052,0.90298583,0.01478641,0.21368474,0.24705317,0.49220632,0.02244960,0.94151818,0.46420833,0.75152258,0.84142030,0.24093861,0.99061664,0.03682686,0.74923002,0.20126858,0.87226197,0.75328536,0.59671384,0.22329624,0.10361182,0.88302374,0.29527397,0.33789139,0.83378912,0.45912701,0.94198972,0.38881992,0.57001993,0.55203685,0.80041248,0.86177813,0.09372778,0.43106527,0.38058071,0.25678240,0.12958916,0.58856854,0.54356562,0.32261904,0.13032211,0.56939517,0.57779542,0.46812240,0.62351173,0.13209715,0.24777601,0.40846957,0.09798917,0.49625470,0.04747356,0.87062399,0.77910504,0.00028448,0.79394931,0.11942253,0.98010746,0.46789399,0.34335905,0.76648206,0.80036044,0.19447612,0.59414086,0.96205038,0.86503521,0.87982062,0.09350436,0.34055654,0.83276186,0.85521046,0.79672764,0.26093497,0.01245654,0.85387584,0.09481345,0.08542908,0.12225494,0.87148396,0.07275154,0.94501252,0.69829688,0.29500971,0.51830495,0.62191577,0.50493851,0.80021148,0.13810186,0.97188999,0.43101599,0.37300472,0.76182364,0.33184257,0.88387842,0.68428990,0.54606703,0.63979380,0.07085807,0.45143778,0.70821918,0.83780734,0.42637488]"
174,"[0.96993950,0.29255754,0.42287865,0.99227282,0.57006724,0.03818864,0.66169936,0.79379551,0.04157052,0.45003909,0.54802726,0.04428096,0.09175352,0.96237651,0.74148054,0.74176403,0.53571234,0.65513387,0.63524032,0.10313331,0.44649137,0.21297242,0.01333186,0.20780699,0.80194685,0.76399623,0.62903044,0.50885007,0.60235343,0.94290896,0.77566982,0.63087928,0.42760591,0.68853988,0.70099542,0.55487026,0.64968271,0.73511079,0.85736473,0.72884770,0.80159824,0.74660976,0.44490564,0.73991435,0.25821831,0.88013308,0.38507058,0.18528106,0.32338192,0.29527091,0.72628590,0.09928962,0.86111226,0.19295383,0.07683125,0.76112015,0.30718618,0.94697898,0.01783606,0.46927284,0.17749102,0.01529736,0.44167124,0.41160973,0.70416628,0.12704393,0.11931575,0.68938199,0.72756962,0.38926799,0.18306250,0.22463202,0.67467010,0.22269636,0.26697632,0.35872884,0.32110435,0.06258389,0.80434691,0.34005825,0.99519112,0.63043044,0.73356275,0.18005312,0.39302454,0.40635540,0.61416138,0.41610723,0.18010246,0.80913190,0.31798097,0.92033340,0.86324136,0.63891018,0.26978846,0.69739337,0.38593225,0.08692667,0.64179593,0.29147764,0.02658743,0.88395117,0.61279787,0.41439511,0.16100387,0.60590850,0.34582186,0.60403916,0.48417124,0.86924082,0.05452088,0.37790180,0.67317171,0.39945662,0.49874523,0.35985649,0.55280932,0.62963957,0.39075872,0.69794390,0.64492188,0.66275694,0.13202878,0.30951880,0.32481516,0.76648539,0.17809413,0.88225940]"
175,"[0.00930233,0.12861708,0.81799807,0.54556669,0.93483368,0.11789517,0.34252619,0.01719529,0.23989066,0.50686598,0.86559382,0.18669717,0.24928006,0.05362597,0.39368322,0.38887334,0.01930278,0.75286453,0.93291664,0.32594018,0.73229458,0.34645496,0.76256119,0.94266266,0.75179356,0.06977353,0.99010593,0.85334629,0.49225547,0.76204293,0.45943530,0.84536655,0.93229222,0.57408715,0.86556379,0.89215023,0.77610040,0.38889726,0.80329137,0.96429424,0.57020174,0.91602260,0.52006076,0.00423100,0.87347082,0.92799070,0.30589151,0.97906222,0.37851783,0.87726207,0.23711756,0.78992588,0.41956445,0.81032217,0.50826507,0.15318595,0.81594189,0.94796967,0.25748747,0.58230162,0.34878602,0.52687914,0.40913754,0.41843887,0.54705495,0.36505201,0.91061771,0.84545038,0.96334455,0.30586974,0.32306404,0.56295369,0.06981867,0.93541150,0.12210766,0.37138672,0.42501169,0.81869392,0.20756626,0.22686803,0.97973156,0.91264720,0.23858638,0.97087996,0.31733392,0.07989412,0.02255577,0.77434834,0.84412087,0.83422580,0.68757109,0.17982556,0.94186749,0.40130179,0.24666734,0.17895856,0.75304471,0.61860750,0.51075673,0.28685613,0.67575239,0.47904276,0.44333600,0.01353674,0.92955833,0.44961809,0.45384809,0.32731791,0.25530761,0.56119812,0.54025934,0.91877617,0.79603723,0.03315379,0.82307867,0.24264212,0.05296328,0.56122735,0.71441230,0.53035319,0.47832185,0.73580832,0.31810895,0.66689396,0.19377211,0.60290865,0.02134652,0.56840047]"
176,"[0.93345149,0.84406819,0.68951757,0.65286112,0.95872987,0.28179291,0.84474560,0.91456328,0.84997377,0.97208044,0.34346616,0.76847685,0.58716977,0.79473503,0.02160206,0.00133262,0.91397882,0.15256420,0.12344316,0.44077609,0.52066920,0.54322398,0.31757131,0.16169118,0.99591598,0.68348606,0.86331062,0.80517711,0.20647789,0.45314423,0.63210179,0.38514550,0.00375200,0.51450773,0.80136286,0.47711425,0.95615601,0.39949101,0.41302674,0.34258408,0.79220117,0.24604826,0.57336517,0.82867178,0.38986890,0.93012724,0.84890240,0.64493864,0.67809143,0.50116910,0.74381021,0.79677249,0.35799884,0.07241014,0.60276232,0.08108318,0.81689050,0.13499845,0.80189141,0.99566252,0.59857017,0.61991569,0.18831516,0.12176565,0.96583284,0.65534941,0.30820953,0.26693840,0.54873030,0.39347490,0.30803718,0.15800995,0.13008938,0.47355454,0.24203039,0.82919917,0.62393319,0.64553425,0.64686587,0.56084369,0.71340689,0.83684905,0.27762414,0.79829234,0.34151532,0.65908563,0.82077581,0.81669079,0.50017585,0.36348547,0.16866158,0.37513848,0.82828171,0.46038249,0.84552699,0.84927799,0.36378472,0.16514658,0.64225983,0.59841484,0.99790484,0.41093058,0.75351366,0.54571383,0.79176109,0.36512526,0.19379604,0.58366394,0.51379017,0.36269158,0.00762921,0.68571964,0.18688774,0.93069695,0.72746844,0.08546628,0.15787542,0.76063674,0.84171891,0.65860841,0.79360586,0.59549627,0.59115779,0.18972695,0.80964164,0.99795580,0.11972045,0.08555228]"
177,"[0.74090069,0.04910922,0.31604661,0.86477591,0.25824982,0.56628599,0.72429494,0.85438332,0.32793686,0.56996626,0.39916442,0.02309661,0.66862986,0.31549473,0.87633742,0.58974331,0.42659137,0.70421451,0.50250585,0.84402017,0.50310480,0.32387961,0.14056940,0.64074425,0.00422872,0.17288930,0.54802678,0.37630748,0.83668898,0.68221496,0.53149195,0.89527567,0.06042125,0.70268007,0.30109391,0.29899775,0.70992734,0.46343999,0.00915282,0.80091291,0.16603717,0.35983221,0.94349514,0.45728432,0.81997489,0.82760311,0.51332175,0.70020849,0.63090443,0.35837188,0.44383716,0.60171157,0.36234731,0.20406523,0.86267264,0.65627750,0.25177276,0.84292955,0.03265550,0.84229615,0.84025095,0.95997040,0.04552168,0.78642137,0.83552959,0.15157520,0.01635011,0.27459893,0.84088392,0.56517786,0.41956018,0.74749604,0.31746130,0.71662472,0.73972034,0.40834920,0.72384294,0.60017936,0.18992167,0.61651204,0.32072554,0.82323039,0.66724956,0.17035336,0.49423197,0.63480036,0.27554361,0.27977134,0.45265964,0.00068542,0.37699190,0.21367988,0.89589384,0.42738479,0.32265946,0.38307971,0.08575878,0.38685169,0.68584844,0.39577478,0.85921377,0.86836559,0.66927750,0.83531367,0.19514487,0.13863902,0.59592234,0.41589623,0.24349833,0.75681908,0.45702657,0.08793000,0.44630088,0.89013703,0.49184761,0.85419392,0.05825815,0.92092978,0.57720628,0.82897804,0.67190659,0.70456110,0.54685624,0.38710619,0.34707559,0.39259627,0.17901664,0.01454522]"
178,"[0.16611942,0.18246854,0.45706647,0.29794939,0.86312625,0.28268543,0.03018047,0.34764077,0.06426450,0.80398384,0.21233204,0.93617398,0.53635233,0.72627300,0.34278404,0.66350859,0.48673798,0.15398654,0.32433890,0.81856986,0.45336923,0.72891184,0.00868218,0.46134082,0.46202524,0.83901614,0.05269502,0.94858786,0.37597166,0.69863012,0.08170883,0.16746661,0.55431730,0.24016474,0.63593852,0.49515129,0.36351589,0.03279239,0.86810506,0.06324893,0.20188695,0.79780829,0.21370352,0.45720085,0.21401893,0.67104450,0.75897350,0.20527338,0.09540941,0.58725602,0.44144894,0.49970609,0.42063487,0.99784015,0.82681720,0.49872279,0.20328289,0.75013813,0.13724332,0.48431791,0.87691317,0.05592881,0.07047303,0.23659145,0.41905899,0.87612445,0.17407284,0.03719809,0.31988252,0.35006199,0.69770176,0.76196526,0.56594810,0.77827914,0.71445211,0.25080344,0.97707545,0.31985849,0.98336608,0.47010306,0.62408859,0.94842649,0.76699535,0.22036358,0.94927442,0.95795560,0.41929542,0.88131965,0.72033479,0.77302881,0.72161567,0.09758633,0.79621545,0.87792328,0.04538889,0.59970519,0.83986893,0.47580645,0.97095675,0.33447163,0.36726302,0.23536708,0.29861502,0.50050097,0.29830826,0.51201077,0.96921063,0.18322856,0.85427206,0.61324456,0.81851694,0.91392535,0.50118037,0.94262831,0.44233340,0.86296727,0.86080643,0.68762262,0.18634441,0.38962630,0.13976343,0.27700575,0.76132265,0.63823483,0.69416264,0.76463467,0.00122512,0.42028311]"
179,"[0.29640656,0.47047840,0.50767549,0.82755700,0.17761799,0.87531876,0.63728302,0.20323011,0.98150825,0.69595936,0.94676181,0.92383625,0.24369374,0.22705882,0.69716088,0.32124847,0.26967396,0.03666831,0.25703089,0.20630432,0.16425892,0.58355333,0.46487198,0.18520577,0.95823358,0.67984825,0.77743358,0.57364803,0.45157031,0.49695819,0.09666238,0.93653032,0.41233577,0.38329152,0.71776215,0.08502417,0.32039026,0.61900427,0.11950424,0.41781150,0.92982127,0.89903090,0.08225846,0.93652952,0.54977308,0.36828902,0.28221337,0.78339274,0.72602006,0.16835246,0.03131873,0.89212416,0.57974578,0.76608919,0.15571449,0.29547692,0.57248167,0.33380332,0.97203715,0.66619878,0.43083245,0.43205656,0.85233867,0.14874423,0.61922163,0.12689612,0.95445212,0.13206912,0.00738687,0.64466889,0.84789800,0.82940525,0.52536361,0.47212442,0.39595968,0.63965242,0.86671024,0.56387012,0.88511759,0.15479055,0.19145786,0.44848775,0.65479107,0.81904899,0.40260132,0.86747230,0.05267707,0.01090966,0.69075691,0.46818949,0.04183652,0.49340583,0.99036302,0.08702440,0.02355372,0.43588849,0.81917901,0.53694016,0.62196333,0.94235259,0.56135586,0.68085910,0.09866960,0.02848988,0.92751978,0.00977724,0.94630576,0.49607784,0.86436586,0.14657823,0.92996997,0.65598903,0.82434049,0.85565822,0.74778138,0.32752616,0.09361435,0.24932785,0.54480377,0.11728443,0.45108675,0.42312289,0.08932067,0.52015212,0.95220768,0.80454535,0.95328858,0.57250922]"
180,"[0.69940433,0.65385546,0.78592357,0.79330944,0.43797733,0.28587434,0.11527859,0.64064120,0.11276462,0.50872330,0.14837472,0.01508396,0.57895308,0.46406966,0.61885921,0.81031607,0.25880283,0.91359290,0.73264088,0.13524120,0.00271250,0.05538858,0.06629723,0.75705314,0.22524163,0.26707715,0.76048198,0.75084400,0.83786740,0.86142013,0.29730762,0.11648562,0.65342478,0.27538712,0.21773871,0.77909357,0.45995167,0.55862028,0.58710916,0.51462793,0.52440417,0.47070893,0.96678577,0.83115063,0.97772786,0.90769683,0.56368486,0.38802434,0.24368156,0.99146194,0.31898710,0.41260046,0.66192730,0.20673007,0.32401350,0.77509925,0.19822114,0.28754082,0.80769194,0.75989862,0.56444297,0.51773056,0.09023877,0.78964211,0.44349656,0.22941914,0.02272758,0.46070391,0.74657725,0.86185484,0.50249504,0.61525867,0.12398097,0.27235469,0.28743765,0.86638972,0.33045839,0.94931660,0.75963167,0.01843350,0.93202540,0.66466529,0.79990549,0.80261699,0.85800457,0.92430080,0.68135294,0.90659357,0.17366972,0.93415070,0.68499370,0.52286010,0.38427923,0.68158584,0.79807047,0.45149425,0.72688037,0.94461808,0.72371065,0.18366132,0.74228060,0.32938875,0.84401569,0.36841886,0.83912679,0.80591156,0.63706118,0.61478804,0.52248386,0.08616772,0.47419106,0.71787162,0.70933256,0.02831867,0.44091812,0.10284442,0.30957349,0.63358598,0.40868423,0.60690437,0.89444419,0.70213512,0.46203274,0.02647472,0.54420428,0.63444205,0.42408316,0.86757872]"
181,"[0.09699686,0.11972344,0.58042635,0.32700260,0.18885644,0.69135048,0.30660815,0.43058811,0.70294180,0.99037845,0.85676717,0.18722456,0.13654016,0.89617083,0.91460334,0.84662774,0.51129202,0.31119651,0.11381250,0.97181607,0.89611587,0.57746781,0.48406038,0.65772910,0.59187880,0.27687150,0.79973060,0.18400883,0.86559367,0.66366314,0.11515639,0.84203577,0.78665285,0.51036249,0.69402282,0.43630242,0.76569017,0.60970486,0.97812272,0.81724850,0.62315906,0.26021924,0.87500628,0.39748914,0.48365586,0.95784592,0.67571654,0.38504811,0.41336577,0.85428289,0.95712631,0.26669880,0.90028379,0.30896702,0.91587039,0.81031358,0.51244770,0.97447944,0.00095316,0.54515644,0.17959749,0.60367964,0.47125737,0.56825322,0.68797566,0.26840101,0.59540261,0.78425805,0.47560753,0.78221468,0.21280179,0.91574259,0.90612004,0.76288621,0.95010977,0.08664893,0.98281876,0.89742110,0.74404784,0.25533886,0.56653437,0.68034587,0.65216093,0.54827580,0.12574261,0.60980198,0.26753008,0.85940788,0.13627837,0.93600797,0.12001580,0.98560847,0.64927061,0.76442601,0.60646077,0.39311262,0.90347411,0.59749593,0.03379734,0.79948651,0.40919037,0.38731208,0.20455959,0.82771765,0.08793589,0.96294116,0.36042930,0.84408416,0.80192908,0.47764463,0.86269173,0.27605650,0.13033840,0.08746371,0.35416151,0.25444429,0.56341031,0.47927970,0.28959227,0.80203897,0.77651741,0.77746957,0.32262501,0.50222150,0.10590014,0.57715651,0.14540873,0.83338339]"
182,"[0.10178340,0.69718500,0.48144205,0.95704858,0.73926225,0.95206304,0.86780464,0.77392368,0.53680889,0.48691765,0.57356558,0.55638335,0.45380345,0.19785029,0.45318815,0.01972151,0.70006638,0.35222631,0.90050111,0.02624272,0.63604370,0.90357278,0.76297966,0.89925703,0.83526400,0.95527880,0.94088627,0.59015589,0.35458089,0.96104067,0.35415228,0.25762540,0.85512033,0.88891667,0.68840219,0.09759156,0.48490264,0.68946123,0.51717787,0.60511276,0.56805292,0.92848123,0.77256439,0.57449247,0.05213610,0.91482683,0.19088233,0.32121973,0.40868244,0.76284295,0.01728624,0.58069555,0.05997425,0.34956552,0.15160350,0.92811991,0.70558848,0.02821249,0.53043299,0.63633213,0.21348764,0.35889537,0.19227776,0.29406015,0.99124415,0.47268520,0.42973278,0.16899403,0.12105608,0.98885971,0.76278239,0.29959027,0.78650693,0.36007151,0.91645386,0.37025631,0.56810560,0.02129274,0.04101325,0.74107863,0.09330395,0.99380406,0.02004578,0.65608848,0.55966026,0.32263892,0.22189495,0.05715796,0.01243576,0.95332103,0.54347592,0.89805581,0.85909548,0.21324676,0.47087116,0.32599049,0.21490616,0.90330735,0.00089790,0.48579954,0.17525977,0.69243665,0.29754841,0.86560033,0.79408056,0.56664395,0.14113542,0.19327052,0.10809635,0.29897768,0.62019641,0.02887785,0.79171979,0.80900504,0.38969959,0.44967284,0.79923736,0.95083986,0.87895877,0.58454625,0.61275775,0.14318974,0.77952087,0.99300751,0.35190188,0.54417864,0.83823779,0.82948094]"
183,"[0.30216514,0.73189692,0.90088996,0.02194503,0.01080375,0.77358513,0.07317441,0.85968034,0.21975085,0.13620371,0.50645902,0.07456361,0.09585535,0.13686760,0.87794524,0.97124818,0.96505124,0.98509602,0.64118351,0.20084277,0.52348069,0.74537465,0.80253160,0.81496636,0.76828640,0.31176132,0.20981613,0.06891061,0.28215637,0.75302653,0.07901602,0.29392118,0.19722753,0.19812443,0.68392298,0.85918175,0.55161740,0.84916481,0.71476414,0.50884370,0.07548665,0.21662107,0.40989059,0.51798594,0.81696262,0.43715803,0.46603488,0.25775367,0.06675771,0.45645630,0.90612813,0.70536450,0.65620335,0.53516112,0.11970637,0.73246311,0.87565185,0.65517172,0.64817823,0.00007912,0.54425675,0.38249354,0.21197348,0.51413762,0.24603354,0.14692250,0.16886653,0.17966928,0.95325341,0.02642682,0.88610616,0.10585600,0.24205871,0.74851673,0.82307934,0.91893369,0.05580029,0.93374453,0.90499171,0.87004195,0.85513698,0.49631948,0.69716125,0.22064094,0.96601459,0.76854519,0.58351056,0.35179596,0.66355627,0.87337141,0.94228101,0.22443638,0.97746192,0.05647694,0.35039712,0.54762365,0.74574708,0.42966905,0.28884980,0.84046620,0.68963000,0.40439314,0.91323584,0.98872148,0.20534155,0.61523114,0.13321607,0.95017769,0.38733473,0.85336860,0.11112128,0.17787798,0.63433328,0.54046041,0.24582391,0.90202626,0.43718638,0.55689175,0.28935387,0.16500472,0.82017544,0.46835268,0.46843079,0.01268654,0.39517908,0.60715156,0.12128818,0.36732072]"
184,"[0.51424222,0.68310776,0.86277604,0.81602845,0.84245427,0.72855943,0.83441443,0.07647214,0.82498787,0.64806620,0.56699889,0.62279818,0.55654171,0.46153242,0.33157337,0.18670934,0.68302782,0.38018807,0.60082802,0.56684160,0.33538580,0.91889535,0.27069031,0.93424558,0.80761599,0.74989600,0.97433139,0.95179230,0.00826824,0.35866436,0.90628701,0.65203308,0.08170114,0.37054994,0.21101514,0.90064414,0.30503628,0.21827112,0.20699160,0.41233215,0.02756229,0.16077736,0.11095406,0.49828778,0.35165539,0.46277566,0.64065265,0.27498493,0.81544434,0.06126725,0.96329251,0.40047790,0.95736865,0.24672151,0.41172523,0.23189967,0.70025135,0.16868114,0.18136668,0.57654476,0.18369532,0.30498249,0.67230222,0.18654344,0.86965020,0.73242524,0.54845269,0.39090596,0.11946439,0.95387783,0.03034897,0.85533584,0.50340104,0.07039893,0.69319611,0.24973682,0.71126824,0.04284060,0.22954894,0.91257577,0.29276284,0.89358986,0.46043046,0.79581526,0.71470961,0.98539892,0.91964350,0.72725849,0.47715349,0.45148388,0.40327518,0.41154242,0.77020578,0.67649179,0.32852387,0.41022401,0.78077295,0.99178708,0.89243022,0.19746551,0.41573562,0.62272622,0.03505737,0.06261866,0.22339502,0.33434808,0.83263486,0.18428925,0.64706391,0.28771555,0.56269948,0.37814282,0.43940907,0.40270059,0.80317748,0.76054513,0.00726564,0.41898987,0.65088854,0.35113889,0.51981902,0.70118470,0.27772846,0.46142277,0.76640427,0.43870549,0.62524793,0.49489713]"
185,"[0.22732137,0.77577306,0.16667802,0.28614141,0.24001824,0.27036621,0.12570105,0.62910110,0.69949903,0.39269414,0.64242996,0.35369720,0.39653680,0.62608474,0.53865951,0.83142135,0.72501021,0.18543967,0.98125392,0.69596253,0.68136045,0.60100294,0.32826043,0.80541292,0.25689580,0.66016998,0.07171140,0.84191618,0.51840697,0.84692984,0.25715284,0.03792479,0.02971087,0.92214009,0.11960460,0.53533922,0.15806445,0.19312082,0.25573848,0.47913250,0.81347958,0.64611344,0.83040169,0.47746459,0.76517915,0.32787763,0.70601945,0.14542752,0.54812710,0.35130358,0.11184771,0.11911235,0.53810122,0.18898876,0.54012665,0.05994467,0.76112837,0.03885583,0.50027760,0.26668087,0.70538536,0.33063229,0.82552842,0.05284878,0.82862084,0.99529786,0.28143827,0.52145551,0.79182073,0.91752078,0.54662088,0.24611890,0.63881205,0.28124101,0.63493721,0.03147300,0.65755675,0.19621526,0.02763561,0.75264482,0.93808349,0.91933641,0.61529794,0.29665738,0.89765933,0.22591876,0.03133068,0.28822548,0.94839446,0.02010486,0.86202005,0.38042601,0.22735485,0.48450669,0.52243048,0.55214034,0.47427944,0.59388304,0.12922126,0.28728471,0.48040453,0.73614201,0.21527351,0.02875209,0.67486454,0.50526522,0.98272882,0.74790697,0.07578359,0.78180204,0.92722856,0.47535466,0.82665725,0.93850396,0.05761531,0.59571553,0.78470329,0.32482894,0.38477261,0.14589998,0.18475481,0.68503142,0.95171129,0.65709565,0.98772694,0.81325436,0.86610214,0.69472198]"
186,"[0.69001883,0.97145611,0.49291062,0.28473034,0.20225012,0.74887000,0.99498790,0.63379895,0.91503896,0.54997516,0.58144717,0.23900292,0.43521718,0.46285179,0.21549561,0.15357810,0.07291351,0.68821044,0.98486683,0.88252515,0.10844291,0.13977259,0.42799708,0.37639054,0.39649440,0.25851345,0.63893846,0.86629231,0.35079800,0.87322748,0.42536682,0.89964526,0.49352730,0.62274755,0.91003126,0.39043479,0.12657580,0.34184831,0.37059940,0.04546294,0.55072716,0.53345498,0.28136095,0.35714354,0.13894458,0.06617214,0.54152580,0.36818204,0.30668500,0.36429931,0.96001384,0.74471613,0.06954407,0.45431568,0.60021466,0.78496848,0.46999889,0.42170918,0.07880383,0.06652977,0.87978313,0.74588426,0.44060524,0.13062308,0.10207818,0.59498780,0.87971714,0.08196627,0.83083527,0.82582217,0.45962012,0.37465808,0.92463225,0.50607841,0.74508033,0.18029651,0.64314730,0.85864191,0.01221901,0.08513152,0.77334096,0.75820679,0.64073094,0.74917285,0.88894444,0.31694052,0.69333006,0.08982346,0.34833590,0.98727337,0.85356468,0.20436168,0.07758815,0.50295397,0.40259823,0.89612453,0.51887108,0.42890134,0.81933513,0.94590992,0.28775723,0.65835563,0.70381757,0.25454373,0.78799771,0.06935766,0.42650020,0.56544378,0.63161492,0.17313972,0.54132076,0.84800476,0.21230307,0.17231591,0.91703104,0.98657412,0.44088880,0.04110246,0.82606994,0.29606783,0.71777601,0.79657884,0.86310761,0.74288974,0.48877300,0.92937724,0.05999932,0.16207650]"
187,"[0.75706330,0.63677944,0.71874471,0.54957897,0.37540014,0.83501927,0.20967635,0.13430759,0.64038501,0.38546434,0.56575985,0.20890615,0.06754706,0.07976507,0.16489559,0.93823555,0.69644134,0.33717127,0.08634312,0.97528657,0.29222609,0.98555514,0.07537760,0.42371251,0.41098487,0.26454855,0.46890922,0.54649637,0.04944935,0.45204658,0.34817010,0.86704019,0.29594053,0.11527466,0.06118358,0.34893981,0.00729444,0.71111101,0.96565375,0.75365046,0.82300712,0.24950632,0.81494911,0.44656302,0.61970174,0.16102150,0.00902526,0.22132732,0.39364223,0.31067228,0.29724539,0.73813319,0.77923466,0.60530360,0.90137043,0.61914544,0.41572328,0.27882989,0.02171863,0.51049063,0.43986687,0.49986518,0.66194068,0.41900298,0.05578142,0.77452513,0.32410310,0.69950224,0.53452051,0.74419586,0.87850245,0.51888645,0.90434979,0.47010864,0.67901379,0.74655985,0.82632393,0.99121852,0.92945307,0.62589340,0.96306368,0.04940580,0.02469137,0.31691646,0.30247060,0.37784720,0.80155871,0.21254258,0.47709013,0.94599835,0.49249372,0.54194207,0.99398765,0.34215675,0.20919594,0.50513546,0.62040912,0.68159170,0.03053051,0.03782396,0.74893397,0.71458672,0.46823618,0.29124230,0.54074762,0.35569573,0.80225775,0.42195849,0.58297899,0.59200324,0.81332957,0.20697080,0.51764208,0.81488647,0.55301866,0.33225232,0.93755491,0.83892434,0.45806878,0.87379106,0.15261995,0.17433758,0.68482720,0.12469307,0.62455725,0.28649693,0.70549891,0.76127933]"
188,"[0.53580346,0.85990556,0.55940680,0.09392631,0.83812117,0.71662262,0.23550807,0.13985686,0.60996450,0.28897729,0.03553615,0.86185907,0.85307659,0.78252865,0.40842105,0.37148373,0.42088853,0.44557890,0.76249436,0.06496396,0.44281016,0.24436787,0.45690945,0.93399858,0.87999593,0.37248865,0.91442972,0.90841636,0.25057211,0.45976705,0.96490152,0.58530964,0.26690034,0.29742985,0.33525281,0.08418578,0.79877149,0.26700667,0.55824797,0.09899459,0.45468932,0.25694607,0.67890356,0.26188154,0.85388379,0.66721235,0.87418215,0.39182323,0.20670870,0.75972637,0.09197768,0.02953160,0.86845494,0.32652272,0.20031278,0.35293173,0.52726830,0.21209450,0.33678657,0.96134282,0.24783875,0.95333667,0.71461500,0.25041746,0.11032201,0.66972782,0.76365313,0.60177330,0.31839491,0.55390198,0.69375784,0.30372135,0.59269764,0.62823279,0.49009086,0.34316645,0.12569410,0.53411416,0.90559689,0.32648442,0.77206231,0.53455567,0.59951862,0.04232778,0.28669465,0.74360310,0.67760067,0.55759560,0.93008324,0.84451196,0.75292732,0.00349844,0.46326449,0.42816501,0.01347364,0.28037298,0.57780183,0.91305364,0.99723841,0.79600891,0.06301458,0.62126155,0.72025514,0.17494346,0.43188853,0.11079108,0.37267163,0.22655442,0.89376577,0.76794692,0.15976915,0.36647686,0.12620222,0.21817891,0.24770950,0.11616344,0.44268516,0.64299694,0.99592766,0.52319496,0.73528846,0.07207403,0.03341585,0.28125361,0.23458927,0.94920327,0.19961972,0.30994074]"
189,"[0.97966755,0.74331968,0.34509198,0.66348589,0.21738687,0.91114371,0.21486406,0.80756070,0.43579248,0.92588234,0.26904779,0.39474089,0.92885405,0.83444993,0.16093335,0.93299466,0.46754933,0.06706696,0.10939374,0.39608739,0.13968948,0.81728915,0.37488375,0.30496599,0.14947695,0.90240328,0.90590072,0.36916421,0.79732821,0.81080086,0.09117284,0.66897367,0.58202630,0.57926372,0.37527162,0.43828520,0.05954575,0.77979988,0.95474234,0.38662987,0.49741995,0.87009058,0.09664399,0.99040876,0.75835469,0.91812284,0.28459870,0.41079992,0.62897783,0.87668633,0.99284877,0.43553293,0.07852886,0.07445553,0.59764949,0.33293695,0.40500999,0.43842484,0.71967745,0.95426572,0.90346799,0.10308671,0.41302645,0.39269300,0.13601168,0.48110266,0.14458755,0.36197342,0.27311613,0.48797918,0.29553888,0.73133036,0.65721171,0.92625849,0.32099838,0.24985143,0.08430036,0.24523271,0.17822637,0.64577470,0.71284066,0.82223340,0.21831978,0.35800827,0.17529642,0.55017917,0.85514416,0.00462012,0.90702239,0.81292211,0.18208532,0.97941253,0.79021239,0.88138423,0.55035690,0.13238220,0.71164492,0.08691554,0.52519974,0.58474449,0.36454337,0.31928471,0.70591358,0.20333253,0.07342211,0.17006510,0.16047287,0.91882655,0.83694839,0.12154609,0.53234501,0.16132184,0.03800717,0.03085494,0.46638687,0.54491473,0.61936926,0.21701774,0.54995370,0.95496268,0.39338652,0.11306297,0.06732769,0.97079467,0.07388038,0.48690583,0.87959784,0.01560852]"
190,"[0.49671018,0.64129673,0.00326915,0.27638428,0.76436246,0.05990034,0.79122970,0.44844041,0.37469790,0.69569529,0.94554572,0.02984508,0.27507679,0.45330216,0.09907587,0.81191553,0.63414793,0.85246671,0.21047398,0.38576940,0.93594757,0.79109073,0.79570984,0.70273124,0.51565235,0.69773667,0.67714820,0.46735959,0.34874282,0.89909872,0.03147992,0.74312383,0.83003837,0.35523711,0.93998060,0.30452297,0.62380668,0.32971925,0.53305078,0.60647189,0.77653600,0.93700786,0.85583341,0.69278081,0.81432590,0.34666991,0.50799075,0.54599691,0.57685085,0.04323671,0.58815044,0.20751870,0.42453544,0.97448814,0.92944982,0.32283534,0.43589731,0.50322399,0.47401767,0.54789705,0.03480188,0.91439872,0.93000624,0.42671542,0.06801115,0.07127930,0.34766257,0.11202403,0.17192337,0.96315208,0.41159148,0.78628839,0.48198267,0.42752739,0.45737147,0.73244726,0.18574843,0.28482330,0.09673783,0.73088476,0.58335047,0.79382345,0.17959184,0.11553841,0.90662814,0.70233698,0.40506722,0.92071857,0.61845424,0.29560144,0.76296003,0.11170185,0.01079957,0.04227848,0.78540132,0.61543869,0.97067480,0.91065439,0.21517636,0.83898204,0.16870029,0.70175007,0.30822097,0.08475596,0.02176282,0.87759524,0.57037505,0.38469994,0.73136885,0.23935860,0.78535451,0.36220436,0.40544007,0.99358951,0.20110721,0.62564165,0.60012879,0.52957761,0.85241195,0.28830826,0.79153126,0.26554792,0.81344397,0.84824485,0.76264257,0.69264781,0.11936223,0.18737238]"
191,"[0.25865068,0.60631225,0.71833529,0.89025766,0.85340874,0.26499922,0.05128660,0.53326828,0.96079467,0.41816514,0.15061140,0.33635883,0.62118113,0.71791795,0.44880171,0.03215118,0.82597362,0.00556447,0.12110188,0.02772902,0.73006500,0.13513122,0.05584879,0.67430203,0.96990247,0.73286150,0.84456235,0.85536092,0.89763841,0.68303872,0.29847641,0.26915021,0.17980360,0.39497896,0.23396000,0.40265929,0.10440836,0.41262833,0.49738329,0.51914511,0.39673935,0.96711339,0.35181234,0.08318019,0.32253779,0.10789130,0.47009465,0.87553372,0.86912223,0.07022844,0.69586909,0.29599688,0.82557349,0.67798444,0.96629170,0.75782196,0.02336888,0.83681185,0.68505570,0.44769728,0.14034409,0.25970532,0.44707670,0.70572638,0.31203763,0.03037192,0.92062857,0.77403631,0.03903453,0.09032013,0.62358741,0.58438108,0.00254522,0.15315562,0.48951345,0.11069357,0.82861053,0.27741124,0.30956141,0.13553403,0.14109750,0.26219838,0.28992640,0.01999040,0.15512063,0.21096842,0.88526945,0.85517092,0.58803142,0.43259277,0.28795269,0.18559010,0.86862782,0.16710323,0.43625244,0.61605504,0.01103300,0.24499200,0.64765029,0.75205765,0.16468497,0.66206726,0.18121137,0.57794972,0.54506211,0.89687345,0.98005264,0.30258943,0.41047972,0.88057338,0.75610609,0.62522732,0.69545476,0.39132285,0.68731873,0.51289122,0.19087466,0.15716536,0.91498631,0.93835419,0.77516504,0.46021975,0.90791602,0.04825911,0.30796343,0.75503913,0.46076450,0.77280113]"
192,"[0.80317205,0.72379962,0.49783493,0.53686846,0.62718759,0.25077400,0.83515408,0.83769830,0.99085292,0.48036537,0.59105794,0.41966747,0.69707771,0.00663812,0.14217115,0.28326766,0.54546504,0.83539044,0.85537984,0.01049947,0.22146689,0.10673534,0.96190526,0.54993568,0.98252745,0.27047914,0.45606824,0.32469506,0.49179729,0.92804873,0.54410277,0.55513477,0.80012576,0.44777505,0.19983169,0.36451567,0.02658193,0.20779230,0.78574102,0.33080214,0.22767459,0.20772623,0.51031466,0.92079338,0.80136576,0.55747085,0.18269718,0.87815094,0.26947278,0.95679051,0.46968073,0.66055438,0.81771874,0.73270405,0.67105724,0.44622129,0.90644003,0.81435505,0.86261316,0.17057559,0.92561371,0.38637722,0.15917735,0.96234840,0.68614702,0.18398095,0.72084841,0.34803500,0.59880801,0.43396109,0.27165839,0.26251031,0.74287468,0.33393162,0.75359809,0.45067480,0.45731192,0.59948207,0.88274873,0.42821276,0.26360220,0.11898104,0.12947951,0.35094539,0.45767973,0.41958399,0.96951867,0.95204512,0.22252327,0.67859051,0.00328457,0.49508086,0.42312858,0.96723035,0.52236412,0.32248888,0.77026293,0.97009362,0.33460829,0.36118922,0.56898052,0.35472054,0.68552168,0.91319527,0.12092050,0.63123416,0.55202654,0.35339130,0.91086115,0.09355733,0.97170726,0.24117905,0.19796856,0.66764829,0.32820167,0.14591941,0.87862246,0.54967871,0.99589899,0.90233802,0.71669208,0.57930424,0.74987882,0.67549154,0.06186775,0.22104410,0.18339150,0.86953751]"
193,"[0.05351746,0.77436487,0.12239888,0.72120588,0.15516597,0.42682336,0.68933267,0.43220635,0.76613696,0.51973405,0.97040785,0.42771876,0.02719983,0.90994756,0.33815932,0.60176052,0.72074056,0.85021907,0.20116346,0.65884219,0.07842519,0.04794286,0.99998698,0.22250925,0.90109876,0.90438233,0.39946218,0.82258977,0.78981912,0.31218223,0.63467011,0.40493204,0.37502466,0.70963196,0.07082017,0.63979970,0.99451924,0.68003992,0.59323419,0.71415368,0.34538684,0.89741238,0.25080268,0.16166283,0.25521915,0.22692541,0.46810346,0.66607102,0.33371830,0.66191897,0.80783738,0.68645885,0.23613655,0.23203455,0.13437157,0.85106265,0.43036588,0.18024371,0.85573424,0.91760100,0.13864410,0.32203459,0.19157111,0.24508757,0.01945144,0.14184932,0.86305420,0.01821917,0.44504153,0.13437320,0.56657855,0.33271451,0.85244756,0.82285441,0.25057218,0.27777101,0.18771757,0.52587589,0.12763542,0.84837498,0.69859305,0.89975551,0.55859670,0.63702089,0.68496274,0.68494872,0.90745697,0.80855473,0.71293606,0.11239724,0.93498601,0.72480413,0.03698536,0.67165448,0.07658552,0.45160918,0.16124014,0.23205931,0.87185801,0.86637625,0.54641516,0.13964835,0.85380104,0.19918687,0.09659825,0.34739993,0.50906175,0.76427990,0.99120432,0.45930678,0.12537680,0.45909410,0.12101207,0.92884846,0.61530630,0.85144186,0.08347540,0.21784597,0.06890762,0.49927250,0.67951521,0.53524845,0.45284845,0.59149154,0.91352514,0.10509524,0.35018182,0.36963226]"
194,"[0.51148058,0.37453378,0.39275195,0.83779248,0.97216468,0.53874223,0.87145574,0.72390231,0.54675572,0.79732690,0.07509691,0.26281348,0.78868837,0.91632279,0.76469676,0.46328881,0.36304332,0.92163902,0.55865891,0.24362065,0.92856838,0.83602435,0.64457808,0.35751314,0.46990938,0.40489439,0.12969751,0.16668188,0.83833535,0.91491987,0.36652805,0.52776719,0.75982550,0.63168251,0.49805776,0.04447192,0.18411927,0.03791931,0.23710518,0.33370244,0.68110137,0.19016212,0.95444102,0.94564434,0.40495012,0.53032592,0.98941902,0.11043009,0.03927755,0.65458285,0.50602371,0.58949811,0.80734309,0.87624971,0.37552121,0.05503542,0.59028287,0.04313031,0.63462086,0.54814499,0.65323924,0.00342005,0.37305131,0.88453089,0.25906366,0.65181461,0.48960609,0.46176977,0.00051100,0.87196574,0.59586705,0.14262177,0.93994766,0.01504357,0.27785604,0.06654341,0.98286520,0.74756096,0.21084877,0.57389109,0.49552911,0.05418702,0.29780668,0.22637405,0.06239740,0.70697448,0.06448662,0.53439500,0.93928838,0.06898490,0.23566577,0.07400012,0.98891899,0.35544605,0.88321224,0.64303674,0.27471825,0.77277501,0.81724594,0.00136421,0.03928252,0.27638670,0.61008814,0.29118850,0.48134962,0.43578964,0.38143299,0.78638211,0.31670702,0.30612504,0.41655413,0.45583068,0.11041253,0.61643524,0.20593236,0.01327444,0.88952315,0.26504336,0.32007777,0.91035964,0.95348896,0.58810881,0.13625281,0.78949104,0.79291010,0.16596041,0.05049030,0.30955296]"
195,"[0.96136657,0.45097166,0.91274043,0.91325043,0.78521518,0.38108122,0.52370199,0.46364866,0.47869122,0.75654627,0.82308868,0.80595288,0.55351284,0.76436061,0.33825070,0.83377882,0.88796484,0.18577052,0.41214357,0.47453997,0.18151345,0.24599907,0.78039307,0.71968045,0.78866435,0.02432912,0.09832824,0.08724623,0.44269128,0.32590252,0.96893826,0.24365552,0.01642953,0.83367447,0.83503767,0.87431919,0.15070489,0.76079203,0.05197953,0.53332815,0.96911679,0.35054878,0.13692989,0.45363591,0.75975995,0.17631308,0.63214276,0.74255429,0.35898853,0.56491989,0.57819333,0.46771548,0.73275784,0.05283462,0.96319326,0.91668121,0.50478902,0.64104083,0.43053087,0.22343997,0.38939938,0.43988868,0.74944065,0.71080622,0.16177688,0.07451631,0.98776575,0.77297992,0.15406015,0.67776114,0.14140880,0.62009902,0.37664429,0.19973197,0.00568385,0.55919569,0.32355530,0.66180500,0.49558282,0.38354666,0.56931618,0.98145874,0.45599772,0.63751017,0.88350824,0.66390031,0.38357976,0.17224311,0.19657122,0.29489846,0.38214370,0.82483398,0.15073550,0.11967276,0.36332728,0.37975581,0.21342927,0.04846595,0.92278414,0.07348803,0.83427905,0.88625758,0.41958473,0.38870052,0.73924830,0.87617719,0.32981210,0.08957104,0.26588312,0.89802488,0.64057817,0.99956570,0.56448459,0.14267692,0.61039140,0.34314824,0.39598186,0.35917412,0.27585433,0.78064235,0.42168218,0.85221205,0.07565103,0.46504941,0.90493709,0.65437674,0.36518196,0.52695784]"
196,"[0.60147315,0.58923790,0.36221682,0.51627597,0.19403611,0.33544391,0.95554193,0.33218521,0.53191618,0.53759903,0.09679371,0.42034801,0.08215201,0.57773383,0.96127949,0.53059467,0.51205241,0.96804913,0.60555830,0.48906554,0.15296485,0.53654361,0.70878571,0.90535594,0.20025340,0.58239610,0.40722907,0.55796357,0.67763533,0.04096161,0.42071642,0.63414469,0.68260964,0.60539277,0.67887980,0.51315785,0.39941443,0.81899817,0.20769769,0.94694499,0.82312118,0.15293228,0.24250232,0.50838444,0.40640832,0.04698548,0.04655018,0.61103377,0.75370969,0.36410009,0.70724733,0.10322819,0.46240130,0.73825463,0.51889598,0.94057717,0.79278822,0.86843825,0.33348666,0.23842275,0.89279849,0.25797945,0.78493629,0.38640844,0.97564534,0.33786116,0.85413613,0.04817124,0.38361414,0.33915507,0.67133928,0.20325446,0.74085249,0.83764520,0.25799221,0.34014322,0.91787606,0.87915455,0.40974822,0.92179963,0.88984776,0.49540506,0.98446960,0.13743344,0.67397605,0.38276076,0.28811570,0.48836810,0.07076319,0.47799127,0.03595384,0.71358817,0.75454878,0.17526420,0.80940789,0.49201652,0.09740829,0.77628710,0.28944395,0.68885738,0.50785455,0.71555124,0.66249523,0.48561542,0.63854669,0.88104801,0.38943145,0.79583877,0.84282325,0.88937243,0.50040519,0.25411388,0.61821297,0.32545929,0.42868648,0.89108678,0.62934041,0.14823540,0.08881156,0.88159878,0.75003603,0.08352169,0.32194344,0.21474093,0.47271937,0.25765466,0.64406209,0.61970643]"
197,"[0.95756659,0.81170172,0.85987195,0.24348510,0.58263916,0.25397744,0.45723090,0.19808239,0.03572659,0.29371780,0.63386002,0.55173508,0.43088863,0.84063584,0.76243447,0.65228123,0.14768529,0.13215388,0.26958633,0.94356138,0.32632114,0.61443584,0.10280294,0.17356514,0.65155540,0.68750824,0.40109541,0.15564319,0.33090639,0.14031328,0.63232880,0.72973609,0.50602219,0.79546514,0.48432152,0.99217507,0.70772531,0.37021954,0.85583396,0.49437965,0.37542666,0.76485711,0.56069488,0.40351713,0.29288856,0.79329275,0.04740563,0.66561760,0.99107589,0.41976137,0.31084715,0.94018657,0.08842097,0.17723153,0.05882932,0.80886435,0.89238503,0.21432747,0.42906740,0.90178577,0.15943943,0.80350052,0.42320595,0.38077154,0.19247226,0.05234321,0.29582731,0.87846547,0.13244192,0.58967182,0.78775321,0.82347880,0.11719561,0.75105463,0.30278871,0.73367634,0.57431118,0.33674465,0.98902489,0.13670918,0.26886206,0.53844739,0.48200777,0.80832791,0.42276275,0.52556469,0.69912882,0.35068323,0.03819047,0.43928489,0.59492708,0.92583247,0.06614475,0.69847254,0.42820763,0.93422882,0.72969296,0.21401348,0.20618755,0.91391186,0.28413040,0.13996335,0.63434200,0.00976766,0.77462378,0.33531766,0.73883379,0.03172135,0.82501310,0.87241773,0.53803433,0.52910922,0.94886959,0.25971574,0.19990131,0.28832128,0.46555181,0.52438013,0.33324348,0.22562751,0.43995398,0.86902038,0.77080515,0.93024358,0.73374310,0.15694805,0.53771860,0.73018985]"
198,"[0.78253207,0.07835837,0.95682285,0.08926376,0.67893459,0.46668680,0.29016460,0.40735921,0.15841284,0.46120055,0.19487588,0.76918606,0.10592971,0.09495360,0.23166178,0.50052284,0.03896922,0.52097599,0.32930289,0.75206464,0.27762833,0.97675616,0.32743838,0.36562786,0.80491174,0.39983782,0.32566929,0.39181304,0.09028458,0.51849121,0.45271904,0.18241100,0.39642347,0.60261002,0.51652088,0.80065027,0.94061262,0.57495362,0.58472028,0.35934306,0.69465972,0.43349250,0.46521285,0.29022495,0.16264168,0.70067501,0.22978322,0.17865181,0.43836656,0.63826687,0.92658715,0.39213797,0.91651709,0.24975957,0.47538608,0.91533906,0.78435844,0.55516259,0.48540517,0.21914727,0.37609432,0.91381192,0.64400077,0.42653184,0.50488921,0.46171106,0.55097383,0.22990741,0.69659321,0.98675681,0.39411502,0.55252686,0.01372641,0.20860129,0.97778636,0.08371507,0.17866767,0.41032845,0.91085028,0.94981851,0.47079349,0.80009539,0.55215903,0.82978636,0.80654152,0.13397890,0.49960576,0.30451650,0.70435333,0.03002162,0.42183365,0.51211723,0.03060745,0.48332549,0.66573548,0.06215796,0.66476698,0.18128686,0.98193613,0.92254775,0.49750037,0.08221966,0.44156172,0.13622043,0.56971193,0.03492378,0.32514773,0.48778840,0.18846241,0.41824463,0.59689545,0.03526100,0.67352687,0.60011302,0.99224999,0.90876608,0.15852465,0.63390973,0.54924780,0.33360523,0.88876682,0.37417099,0.59331726,0.96941058,0.88322150,0.52722127,0.95375211,0.45864032]"
199,"[0.92035039,0.47132321,0.70122962,0.39782183,0.38457765,0.77869167,0.33121754,0.34494295,0.55354324,0.53132860,0.61504267,0.79370934,0.20403678,0.11488607,0.06470357,0.53549607,0.33559046,0.88774849,0.71753385,0.52407437,0.65805228,0.15765704,0.46217254,0.16652486,0.19654548,0.61837814,0.13049437,0.16110082,0.64442531,0.31015979,0.37231674,0.03708272,0.21836858,0.20030371,0.12285046,0.62034983,0.70256849,0.14412920,0.28034863,0.85005957,0.88498235,0.21012907,0.69791648,0.88637788,0.30462152,0.90151596,0.93677596,0.61030184,0.21041386,0.20266285,0.11142794,0.26995159,0.90386032,0.45310712,0.78671135,0.67547718,0.04964717,0.64296343,0.61237301,0.49559350,0.02281377,0.97656488,0.43520421,0.35555359,0.82687580,0.52810443,0.92592526,0.31050191,0.08919258,0.42040912,0.76535107,0.31889331,0.85022090,0.46526257,0.25897090,0.46300668,0.57789175,0.64259432,0.17808939,0.51367884,0.40142633,0.11895918,0.64303256,0.30108383,0.45873987,0.92091141,0.08743527,0.28397975,0.90235689,0.03285026,0.19395008,0.83837439,0.14853317,0.52084892,0.55793064,0.77629822,0.97660092,0.09945038,0.71979921,0.42236670,0.56649490,0.84684254,0.69690110,0.58188245,0.79201052,0.48992599,0.37630288,0.68092339,0.58243836,0.51921332,0.12951415,0.33992702,0.54258887,0.65401580,0.92396639,0.82782571,0.28093183,0.06764219,0.74311837,0.79276453,0.43572696,0.04809896,0.54369147,0.56650424,0.54306813,0.97827133,0.33382393,0.16069873]"
200,"[0.68880216,0.61472642,0.92522733,0.01441891,0.43482703,0.20017710,0.51906940,0.36928930,0.83455087,0.09352077,0.55652646,0.13441721,0.77701053,0.95509892,0.46877676,0.87020209,0.98916028,0.63219183,0.93327466,0.39201353,0.31292393,0.40035820,0.68433696,0.58669285,0.61954211,0.81349119,0.65186457,0.80039674,0.32124466,0.87917430,0.65547152,0.63207144,0.73152082,0.45131904,0.87368474,0.44017864,0.28702018,0.98392028,0.56580173,0.35781125,0.84773624,0.22403812,0.90496051,0.48739787,0.00661019,0.13612334,0.47604936,0.01863722,0.67265202,0.59661741,0.42444213,0.70537296,0.77301415,0.51613152,0.30889505,0.74462101,0.79271897,0.33640944,0.90291268,0.44597981,0.42425014,0.75807307,0.91877080,0.60757196,0.22229737,0.14752371,0.16194162,0.59676765,0.79694375,0.31601215,0.68530045,0.51985032,0.61337009,0.16989555,0.30431176,0.08132129,0.03641920,0.50519496,0.37539606,0.36455533,0.99674616,0.93001982,0.32203235,0.63495528,0.03531249,0.71964845,0.30634029,0.92588140,0.73937158,0.39123515,0.19163090,0.51287456,0.39204786,0.04751838,0.67958882,0.41110864,0.86242668,0.73611041,0.17628805,0.46330723,0.44722651,0.01302724,0.37083748,0.21857272,0.44260984,0.34756935,0.83496622,0.84157541,0.97769775,0.45374610,0.47238232,0.14503335,0.74164976,0.16609089,0.87146285,0.64447600,0.16060652,0.46950057,0.21412058,0.00683855,0.34324699,0.24615868,0.69213748,0.11638662,0.87445869,0.79322849,0.40079944,0.62309582]"
